Name,Licence Number,Email,Website
Hidden Gems of Uganda,UTB/RTT/TA/2019/00167,reservations.hiddengems@gmail.com,http://www.hiddengemsofuganda.com
BAKUMPE TRAILS AND SAFARIS LTD,UTB/RTT/TA/2019/0037,ssaligadafi@gmail.com,http://www.bakumpe.com
Easy Travel Africa,UTB/RTT/TA/2019/0064,easytravelafrica@gmail.com,http://www.easytravelafrica.com
Al-quds,UTB/RTT/TA/2020/00279,alqudstoursandtravel@gmail.com,http://www.alqudstravels.com
Sana Travels,UTB/RTT/TA/2020/00377,sanatravels2008@gmail.com,http://www.sanatravels.ug
Bere Travel and cargo Limited,UTB/RTT/TA/2020/00459,beretravelandcargo@gmail.com,http://www.beretravel.com
Tick Travel Limited,UTB/RTT/TA/2020/00474,reservations@ticktravel.net,http://www.ticktravel.net
Global Link Tours and Travel,UTB/RTT/TA/2020/00555,globallinktours@gmail.com,http://www.globallinktoursandtravel.com
Malaika Adventures Travel.,UTB/RTT/TA/2020/00581,malaikaadventures@yahoo.com,http://www.malaikaadventures.com
Interline Tour and Travel Limited,UTB/RTT/TA/2020/006,interlin@africaonline.co.ug,http://www.interlin.ug
Bantu Africa Travel Limited,UTB/RTT/TA/2020/0065,info@bantusafaris.com,http://www.bantusafaris.com
Ebenezer Secure Links,UTB/RTT/TA/2020/00675,info@ebenezersecurelinks.com,http://www.ebenezersecurelinks.com
Simba Travel Care Limited,UTB/RTT/TA/2020/0068,declan@travelcare.co.ug,http://www.travelcare.co.ug
ENGABI TOURS AND TRAVEL,UTB/RTT/TA/2020/00733,info@gorillasafaridiscovery.com,http://www.gorillasafaridiscovery.com
Devama Travel Solutions Limited,UTB/RTT/TA/2021/0018,info@davematravelsolutions.com,http://www.davematravelsolutions.com
SK Tours & Travel,UTB/RTT/TA/2021/00838,sktravelskampala@gmail.com,http://www.sktrasvels.co.ug
AMEERA AFRICA SAFARIS LTD,UTB/RTT/TA/2021/00955,info@ugandasafaritour.com,http://www.ugandasafaritour.com
TSA Services and General Trading (U) LTD,UTB/RTT/TA/2021/100042,kampala@tsatravel.com,http://www.tsatravel.com
Tour and Travel Centre Limited,UTB/RTT/TA/2021/100097,info@tourandtravelcentre.com,http://www.tourandtravelcentre.com
Waheguru Travels Limited,UTB/RTT/TA/2022/100168,kampala@wahegurutravels.com,http://www.wahegurutravels.com
AZIEL TRAVEL AND TOURS,UTB/RTT/TA/2022/100227,aziel.travelandtours@gmail.com,http://www.attg.com
Expedia Africa Agency,UTB/RTT/TA/2022/100228,expediafrica@gmail.com,http://www.expediafrica.com
Varitus Resourcing Ug Ltd,UTB/RTT/TA/2022/100258,info@varitusresourcing.co.ug,http://www.varitusresourcing.co.ug
MZIWANDA INTERNATIONAL LIMITED,UTB/RTT/TA/2022/100260,mhzsamuel@gmail.com,http://www.mziwandainternational.com
LISANI TOURS AND TRAVEL,UTB/RTT/TA/2022/100263,lisanitoursandtravel@gmail.com,http://www.lisanitoursandtravel.com
Santaviva,UTB/RTT/TA/2022/100275,imuhire1984@gmail.com,http://www.santaviva.net
Northern Fox Adventures,UTB/RTT/TA/2022/100309,info@northernfoxadventures.com,http://www.northernfoxadventures.com
Bahiti Tours,UTB/RTT/TA/2022/100393,bahititours256@gmail.com,http://www.bahititours.com
AEROCORD TRAVELS U LTD,UTB/RTT/TA/2022/100394,info@aerocordtravelsug.com,http://WWW.AEROCORDTRAVELS.COM
PROSPERITY ADVENTURES,UTB/RTT/TA/2022/100404,info@prosperity-adventures.com,http://www.prosperity-adventures@com
BEZALEL TOURS AND TRAVEL LTD,UTB/RTT/TA/2022/100544,bezaleltoursandtravel22@gmail.com,http://http://www.bezaleltoursandtra.wixsite.com/bezaleltravel
QARAN TRAVEL AND CARGO AGENCY SMC LIMITED,UTB/RTT/TA/2022/100549,qarantravelltd@gmail.com,http://qarantravelltd@gmail.com
HOPESTONE BUSINESS SOLUTIONS,UTB/RTT/TA/2022/100583,info@hopestonebusinesssolutioncltd.com,http://www.hopestonebusinesssolutioncltd.com
AFFORDABLE DUBAI TRAVEL,UTB/RTT/TA/2022/100616,ntindaoffice@gmail.com,http://www.affordabledubaitravel.com
FUFA HOSPITALITY AND TRAVEL AGENCY,UTB/RTT/TA/2023/100640,travel@fufahospitality.com,http://www.http://fufahospitality.com/
Kampala Walking Tours,UTB/RTT/TO/2019/00107,info@kampalawalkingtours.com,http://www.kampalawalkingtours.com
Sights and Sounds of Africa Safaris Limited,UTB/RTT/TO/2019/00108,africasightsandsounds@gmail.com,http://www.africasightsandsounds.com
Twist African Safaris Ltd,UTB/RTT/TO/2019/0011,info@twistafricansafari.com,http://www.twistafricansafari.com
Limitless Tours and Travels,UTB/RTT/TO/2019/00112,limitlesstoursandtravels@gmail.com,http://www.limitlesstoursuganda.vacations
Adyeri Creations Limited,UTB/RTT/TO/2019/00120,travel@adyeri.com,http://www.adyeri.co
Wild Frontiers Uganda Safaris,UTB/RTT/TO/2019/00123,info@wildfrontiers-uganda.com,http://www.wildfrontiers.co.ug
Around Africa Safaris,UTB/RTT/TO/2019/00129,reservations@aroundafricasafari.com,http://www.aroundafricasafaris.com
Raft Uganda,UTB/RTT/TO/2019/0013,info@raftuganda.com,http://www.raftuganda.com
Big Cat Tours & Travel Limited,UTB/RTT/TO/2019/00130,bigcattoursandtravel@gmail.com,http://www.bigcattoursandtravel.com
Bird Uganda Safaris,UTB/RTT/TO/2019/00132,director@birduganda.com,http://www.birduganda.com
Sun Africa Expeditions,UTB/RTT/TO/2019/00133,ddamulira@sunafricaexpeditions.com,http://www.sunafricaexpeditions.com
Venture Uganda Travel,UTB/RTT/TO/2019/00134,l.harris@ventureuganda.org,http://www.ventureuganda.org
Kagera Safaris,UTB/RTT/TO/2019/00136,info@kagerasafaris.com,http://www.kagerasafaris.com
Kigere Tours,UTB/RTT/TO/2019/00137,companysafaris@gmail.com,http://www.kigeretours.com
Nkuringo Safaris Limited,UTB/RTT/TO/2019/00142,lydia@nkuringosafaris.com,http://www.nkuringosafaris.com
Trekking Timmy,UTB/RTT/TO/2019/0015,trekwithtim@trekkingtimmy.com,http://www.trekkingtimmy.com
Northern Nature Safaris Limited,UTB/RTT/TO/2019/00187,northernnaturesafaris@gmail.com,http://www.northernnaturesafaris.net
Kazinga Tours Limited,UTB/RTT/TO/2019/0019,mail@kazingatours.com,http://www.kazingatours.com
Gorilla and Adventure Safaris,UTB/RTT/TO/2019/00191,tours@gorillaandadventuresafaris.com,http://www.gorillaandadventuresafaris.com
KIGEZI BIOTA TOURS,UTB/RTT/TO/2019/00219,kigezibiotatours@gmail.com,http://www.kigezibiotasafaris.com
Gazelle Safari Company Limited,UTB/RTT/TO/2019/00235,info@gazellesafaricompany.com,http://www.gazellesafaricompany.com
Pride Nature Safaris (U) Limited,UTB/RTT/TO/2019/00238,info@pridenaturesafaris.com,http://www.pridenaturesafaris.com
Cheetah Safaris Uganda,UTB/RTT/TO/2019/00240,robert@cheetahafricasafaris.com,http://www.cheetahafricasafaris.com
Pearl Afric Tour and Travel Uganda,UTB/RTT/TO/2019/00241,info@pearlafric.com,http://www.pearlafric.com
Hugu Hugu Adventures,UTB/RTT/TO/2019/00242,contact@huguhuguadventures.com,http://www.huguhuguadventures.com
Contour Safaris,UTB/RTT/TO/2019/00244,info@contoursafaritours.com,http://www.contoursafaritours.com
About Africa Limited,UTB/RTT/TO/2019/0025,amanda@about-africa.com,http://www.about-africa.com
Karumuna Safaris Limited,UTB/RTT/TO/2019/0026,info@karumunasafaris.com,http://www.karumunasafaris.com
Adventure Expeditions Ltd,UTB/RTT/TO/2019/00261,info@expeditionsuganda.com,http://www.expeditionsuganda.com
Gorilla Walking Safaris,UTB/RTT/TO/2019/00296,reservations@gorillawalkingsafaris.com,http://http://gorillawalkingsafaris.com/
Peak Cruise Safaris Limited,UTB/RTT/TO/2019/003,peakcruisesafaris@gmail.com,http://www.peakcruisesafaris.com
Irembo Holidays,UTB/RTT/TO/2019/0030,iremboholidays@gmail.com,http://www.iremboholidays.com
Fleet Tours and Travel,UTB/RTT/TO/2019/00309,mrfleetsenryconcepts@gmail.com,http://www.mrfleettoursandtravel.com
Jewel Safaris Limited,UTB/RTT/TO/2019/00311,info@jewelsafaris.com,http://www.jewelsafaris.com
Acacia Safaris Limited,UTB/RTT/TO/2019/00326,info@acaciasafaris.co.ug,http://www.acaciasafaris.co.ug
Adventure Vacations Safaris,UTB/RTT/TO/2019/0036,adventurevacationsafaris@gmail.com,http://adventurevacationsafaris.com
Impala Safaris (U) Limited,UTB/RTT/TO/2019/00367,impalacarhireservices@yahoo.com,http://www.impalasafaris.co.ug
Uganda Wildlife Safaris,UTB/RTT/TO/2019/0039,info@uganda-wildlife-safaris.com,http://www.uganda-wildlife-safaris.com
Buffalo Safari Camps,UTB/RTT/TO/2019/00401,info@buffalosafaricamps.com,http://www.buffalosafaricamps.com
Mj Safaris Uganda,UTB/RTT/TO/2019/00423,info@mjsafarisuganda.com,http://www.mjsafarisuganda.com
Bushman Safaris `,UTB/RTT/TO/2019/00437,info@bushmansafaris.com,http://www.bushmansafaris.com
Buyaga Safaris,UTB/RTT/TO/2019/00441,buyagasafarisafrica@gmail.com,http://www.buyagasafarisafrica.com
Albrieux Africa Tours (Uganda) Limited,UTB/RTT/TO/2019/00455,info@albrieuxafricatours.com,http://www.albrieuxafricatours.com
Gorilla Safari Experts,UTB/RTT/TO/2019/0047,info@gorillasafariexperts.com,http://www.gorillasafariexperts.com
Violet Safaris Limited,UTB/RTT/TO/2019/00472,violetsafarislimited@gmail.com,http://www.violetsafaris.com
Fravan Safaris,UTB/RTT/TO/2019/00496,info@fravansafaris.com,http://www.fravansafaris.com
Hanze Tours,UTB/RTT/TO/2019/00507,info@hanzetours.com,http://www.hanzetours.com
Primate Expeditions Limited,UTB/RTT/TO/2019/0051,info@primateexpeditions.info,http://www.primateexpeditions.info
Explore Africa Safaris,UTB/RTT/TO/2019/00541,info@exploreafricasafaris.net,http://www.exploreafricasafaris.net
Fl Africa Safaris,UTB/RTT/TO/2019/00564,flafricasafaris@gmail.com,http://www.flafricasafaris.com
Kent Safari Tours Limited,UTB/RTT/TO/2019/0057,info@kentsafaris.com,http://www.kentsafaris.com
Go Uganda Safari Limited,UTB/RTT/TO/2019/0062,info@gougandasafaris.com,http://www.gougandasafaris.com
Chigo Tours Africa Limited,UTB/RTT/TO/2019/0079,info@chigotours.com,http://www.chigotours.com
Gecko Safaris Uganda,UTB/RTT/TO/2019/0084,info@visitrwandagorilla.com,http://www.visitrwandagorilla.com
Kibo Slopes Uganda Limited,UTB/RTT/TO/2019/0092,kampala@kiboslopessafaris.com,http://www.kiboslopessafaris.com
Ovacado Adventures,UTB/RTT/TO/2019/0096,info@ovacadoadventures.com,http://www.ovacadoadventures.com
Manya Africa Tours,UTB/RTT/TO/2020/00104,info@manyaafricatours.com,http://www.manyaafricatours.com
Outback Adventure Safaris,UTB/RTT/TO/2020/00125,info@wildadventuresafaris.com,http://www.wildadventuresafaris.com
Volcanoes Safaris Limited,UTB/RTT/TO/2020/00145,enquiries@volcanoessafaris.com,http://www.volcanoessafaris.com
Crystal Safaris,UTB/RTT/TO/2020/00153,info@crystalsafaris.com,http://www.crystalsafaris.com
Encounter Africa Safaris,UTB/RTT/TO/2020/00161,info@gorilla-tracking-uganda.com,http://www.gorilla-tracking-uganda.com
Sense of Africa (Uganda) Limited,UTB/RTT/TO/2020/00203,info@senseofafrica.co.ug,http://www.senseofafrica.com
Range Land Safaris,UTB/RTT/TO/2020/00227,rangelandsafaris@gmail.com,http://www.rangelandsafaris.com
Alpha Adventure Safaris,UTB/RTT/TO/2020/0031,alphaadventuresafaris@gmail.com,http://www.alphatoursafaris.com
Destinations African Gorilla Limited,UTB/RTT/TO/2020/00310,info@gorillasdestinationafrica.com,http://www.gorillasdestinationafrica.com
Hope Speaks Safaris Limited,UTB/RTT/TO/2020/00323,ben@joinhopespeaks.org,http://www.hopespeakssafaris.org
Nshongi Safari Tours and Travel Limited,UTB/RTT/TO/2020/00342,info@nshongitours.com,http://http://nshongitours.com/
Experience Uganda Travel Limited,UTB/RTT/TO/2020/00365,info@experienceuganda.com,http://www.experienceuganda.com
Bic Tours Limited,UTB/RTT/TO/2020/00372,info@bic-tours.com,http://www.bic-tours.com
Simba African  Expeditions Limited,UTB/RTT/TO/2020/00374,info@africa-expeditions.com,http://www.africa-expeditions.com
Primate World Safaris (U) Limited,UTB/RTT/TO/2020/00375,info@primateworldsafaris.com,http://www.primateworldsafaris.com
Kabiza Wilderness,UTB/RTT/TO/2020/00392,kabizawildernesssafaris@kabiza.com,http://kabiza.com
Kenlink Tours and Travel Limited,UTB/RTT/TO/2020/0040,info@kenlinktoursandtravel.com,http://www.kenlinktoursandtravel.com
Pinnacle Africa,UTB/RTT/TO/2020/00417,sales@pinnaclesafaris.com,http://www.pinnacle.africa
Hail Tours (U) Ltd,UTB/RTT/TO/2020/00450,hailtoursuganda@gmail.com,http://www.hailtoursuganda.com
Ngoni Safaris Uganda Limited,UTB/RTT/TO/2020/00457,info@ngonisafarisuganda.com,http://www.ngonisafarisuganda.com
Umoja Motherland Tours,UTB/RTT/TO/2020/00462,umojamotherland@gmail.com,http://www.umojamotherlandtours.com
Nziza Hospitality,UTB/RTT/TO/2020/00479,reservations@nzizahospitality.com,http://www.nzizahospitality.com
Starmount Safaris,UTB/RTT/TO/2020/00488,info@starmountsafaris.com,http://www.starmountsafaris.com
Nature Trails East Africa,UTB/RTT/TO/2020/00500,info@eastafricantrails.com,http://www.eastafricantrails.com
Gorilla Link Tours,UTB/RTT/TO/2020/00521,info@gorillalinktoursafrica.com,http://www.gorillalinktoursafrica.com
Secret Destinations,UTB/RTT/TO/2020/00526,secretdestinationsuganda@aol.com,http://www.secretdestinationsuganda.com
Mango Safaris Uganda,UTB/RTT/TO/2020/00543,mangosafarisug@gmail.com,http://www.mangosafaris.co.ug
Trek Rwenzori Tours Ltd,UTB/RTT/TO/2020/00593,trekrwenzori@gmail.com,http://https://trekrwenzori.wixsite.com/tours
Laba Africa Expedition,UTB/RTT/TO/2020/00594,info@labaafrica.com,http://www.labaafrica.com
Trevor Tour Safaris Africa,UTB/RTT/TO/2020/00600,info@trevortoursafaris.com,http://www.trevortoursafaris.com
Corner of Earth Safari,UTB/RTT/TO/2020/00608,cornersearthsafari@gmail.com,http://www.cornersofearthsafari.com
Primate Link Safaris,UTB/RTT/TO/2020/00644,info@primatelinksafaris.com,http://www.primatelinksafaris.com
Cresco Safaris,UTB/RTT/TO/2020/00664,rinnomoekidepovalley@gmail.com,http://www.rinnomoe.com
Mahanda Africa Safaris.,UTB/RTT/TO/2020/00674,info@mahandasafaris.com,http://www.mahandasafaris.com
Primate  Safari Experiences,UTB/RTT/TO/2020/00692,info@primatesafaris.com,http://www.primatesafaris.com
Akales Tours and Safaris,UTB/RTT/TO/2020/00693,akalesproscovia@gmail.com,http://www.akalestoursandsafaris.com
ADVENTURE CONSULTS,UTB/RTT/TO/2020/00694,sales@adventureconsults.com,http://www.adventureconsults.com
Tides Africa Safaris,UTB/RTT/TO/2020/00696,info@tidesafricasafaris.net,http://www.tidesafricasafaris.net
Worthwhile Africa Safaris,UTB/RTT/TO/2020/00698,info@worthwhileafricasafaris.com,http://www.worthwhileafricasafaris.com
EYALAMA ADVENTURES LTD,UTB/RTT/TO/2020/00701,info@eyalamatravel.com,http://www.eyalamatravel.com
Mond Safaris Uganda,UTB/RTT/TO/2020/00795,mondsafaris@gmail.com,http://www.mondsafaris.com
Myler Africa Safaris,UTB/RTT/TO/2020/00797,bookings@mylerafricasafaris.com,http://www.mylerafricasafaris.com
Active African Vacations Limited,UTB/RTT/TO/2020/0091,info@vacation-safaris.com,http://www.vacation-safaris.com
Self Drive Uganda,UTB/RTT/TO/2021/001004,info@selfdriveuganda.com,http://www.selfdriveuganda.com
Gorilla Tours,UTB/RTT/TO/2021/001009,postmaster@gorillatours.com,http://www.gorillatours.com
Gorillaland Safari Holidays,UTB/RTT/TO/2021/001010,info@gorillalandsafaris.com,http://www.gorillalandsafaris.com
Lionking Safaris Uganda,UTB/RTT/TO/2021/001044,info@thelionkingsafaris.com,http://www.thelionkingsafaris.com
Sunseekers Tours & Travel,UTB/RTT/TO/2021/001055,info@sunseekerstours.com,http://https://sunseekerstours.com/
All in Africa Safaris,UTB/RTT/TO/2021/001063,info@allinafricasafaris.com,http://www.allinafricasafaris.com
Safari Travel Services,UTB/RTT/TO/2021/00163,info@uganda-rwanda-safari.com,http://www.uganda-rwanda-safari.com
Primate Journeys Africa limited,UTB/RTT/TO/2021/00180,pjasafaris@gmail.com,http://www.primatejourneys.com
Valiant Safaris,UTB/RTT/TO/2021/00239,info@valiantsafaris.com,http://www.valiantsafaris.com
Gorillas and Wildlife Safaris,UTB/RTT/TO/2021/00318,info@gorillasandwildlifesafaris.com,http://www.gorillasandwildlifesafaris.com
Asyanut Safaris & Incentives,UTB/RTT/TO/2021/00329,info@mice-uganda.com,http://www.asyanuttours-safaris.com
Speke Uganda Holidays.,UTB/RTT/TO/2021/00368,admin@spekeugandaholidays.com,http://www.spekeugandaholidays.com
Thousand Hills Expeditions Uganda Limited,UTB/RTT/TO/2021/00384,uganda@thousandhillsexpeditions.com,http://www.thousandhillsafrica.com
Roadtrip Uganda Limited,UTB/RTT/TO/2021/00400,info@roadtripafrica.com,http://https://www.roadtripafrica.com/uganda
African White Rhino Safaris.,UTB/RTT/TO/2021/00403,dan.lule2016@gmail.com,http://www.africanwhiterhinos.com
Gorilla Tour Booking Safaris,UTB/RTT/TO/2021/00560,info@gorillatourbooking.com,http://www.gorillatourbooking.com
Mamaland Safaris,UTB/RTT/TO/2021/00567,info@mamalandsafaris.com,http://www.mamalandsafaris.com
The Uganda Safari Company,UTB/RTT/TO/2021/00584,info@safariuganda.com,http://www.safariuganda.com
Great Expeditions,UTB/RTT/TO/2021/00650,greatexpeditionseastafrica@gmail.com,http://www.greatexpeditionsea.com
FOU D'AFRIQUE,UTB/RTT/TO/2021/00677,jmaimi@foudaf.com,http://www.foudaf.com
CANAAN TRAVELS,UTB/RTT/TO/2021/00787,info@canaantravels.com,http://www.canaantravels.com
KOBO SAFARIS,UTB/RTT/TO/2021/00818,jgiraldez@kobo-safari.com,http://www.kobo-safaris.com
UAT TOURS LIMITED,UTB/RTT/TO/2021/00846,nicky@lodgeuganda.com,http://www.idrive-africa.com
Topi Tours,UTB/RTT/TO/2021/00982,reservations@topitours.info,http://www.topitours.info
Wild Expeditions Uganda,UTB/RTT/TO/2021/00983,wildexpeditionsug@gmail.com,http://www.wildexpeditionsug.net
ROHIMO TOURS AND SAFARIS,UTB/RTT/TO/2021/100000,rohimotours@gmail.com,http://www.rohimotours.com
Prime Tours & Adventures,UTB/RTT/TO/2021/100013,info@primetoursuganda.com,http://www.primetoursuganda.com
Econesttim Tours and Safaris,UTB/RTT/TO/2021/100019,info@econesttimsafaris.com,http://www.econesttimsafaris.com
Africa Adventure Vacations,UTB/RTT/TO/2021/100023,info@africaadventurevacations.com,http://www.africaadventurevacations.com
Africa Tours Adventure,UTB/RTT/TO/2021/100024,info@ugandagorillassafari.com,http://www.ugandagorillassafari.com
GOEXPLORE SAFARIS,UTB/RTT/TO/2021/100027,hello@goexploresafaris.com,http://www.goexploresafaris.com
Lifetime Experience Safaris,UTB/RTT/TO/2021/100031,info@lifetimesafari.com,http://www.lifetimesafiri.om
African Skimmer Tours,UTB/RTT/TO/2021/100046,info@africanskimmertours.com,http://www.africanskimmertours.com
Village of Lakes Safaris,UTB/RTT/TO/2021/100049,villageoflakessafaris@gmail.com,http://www.villageoflakessafaris.com
GREENJOURNEYS AFRICA LIMITED,UTB/RTT/TO/2021/100052,info@greenjourneysafrica.com,http://www.greenjourneysafrica.com
Terrace Uganda Safaris,UTB/RTT/TO/2021/100056,info@terracesafaris.com,http://www.terracesafaris.com
Rorena Tours and Safaris,UTB/RTT/TO/2021/100067,rorenatoursandsafaris21@yahoo.com,http://www.rorenatoursandsafaris.com
Terrafrica Tours,UTB/RTT/TO/2021/100093,info@rare-earthtours.com,http://www.rare-earthtours.com
Nile River Explorers,UTB/RTT/TO/2021/100118,rafting@raftafrica.com,http://www.raftafrica.com
Chocolate Safaris,UTB/RTT/TO/2021/100121,chocolatesafaris@gmail.com,http://www.chocolatesafaris.com
Dolwe Safaris,UTB/RTT/TO/2021/100127,dolwesafarisltd@gmail.com,http://www.dolwesafaris.com
Motorcycle Adventures Uganda,UTB/RTT/TO/2021/100133,ugandamotorbikes@gmail.com,http://www.ugandamotocycleadventure.com
TTN Safari East Africa,UTB/RTT/TO/2022/100135,info@africatravel.de,http://www.africatravel.de
Florius Safari's Adventure,UTB/RTT/TO/2022/100141,info@floriussafariadventure.com,http://www.floriussafariadventure.com
Steadfast Safaris and Tours Limited,UTB/RTT/TO/2022/100144,info@steadfastsafaris.com,http://www.steadfastsafaris.com
Gracelands Africa Vacations Ltd,UTB/RTT/TO/2022/100150,info@gracelandsvacations.com,http://www.gracelandsvacations.com
Pearl Land Safaris,UTB/RTT/TO/2022/100155,allan@pearllandsafaris.com,http://www.pearllandsafaris.com
PRIMATE SAFARIS,UTB/RTT/TO/2022/100156,info@primatesafari.com,http://www.primatesafari.com
Ajuna Tours and Travel,UTB/RTT/TO/2022/100159,ajunatransporters2005@gmail.com,http://www.ajunatravels.com
Best Of Africa Adventures Limited,UTB/RTT/TO/2022/100161,info@bestofafricaadventures.com,http://www.bestofafricaadventures.com
Nsavi Safaris,UTB/RTT/TO/2022/100162,info@nsavisafaris.com,http://www.nsavisafaris.com
Private  Trip,UTB/RTT/TO/2022/100163,info@privatetripuganda.com,http://www.privatetripuganda.com
Musana Tours & Travel,UTB/RTT/TO/2022/100180,info@musanatoursandtravel.com,http://www.musanatoursandtravel.com
Mission Africa Safari,UTB/RTT/TO/2022/100181,office@silverbackgorillatours.com,http://www.silverbackgorillatours.com
Tales of Africa Safaris,UTB/RTT/TO/2022/100182,safaris@talesofafricasafaris.com,http://www.talesofafricasafaris.com
Wild Rwanda Safaris,UTB/RTT/TO/2022/100183,info@wildrwandasafaris.com,http://www.wildrwandasafaris.com
Gorilla Consultants,UTB/RTT/TO/2022/100184,enquiries@gorillasafariconsultants.com,http://www.gorillasafariconsultants.com
KCA Safaris,UTB/RTT/TO/2022/100186,kcasafarisandhotels@gmail.com,http://
Venture Treks and Safaris,UTB/RTT/TO/2022/100188,info@treksandsafaris.com,http://www.treksandsafaris.com
Tina Safaris,UTB/RTT/TO/2022/100189,tinasafarisuganda@gmail.com,http://www.tinasafarisug.ug
Wild Gallery Safaris,UTB/RTT/TO/2022/100190,info@wildgallerysafaris.com,http://www.wildgallerysafaris.com
Tuzza Tours and Travel,UTB/RTT/TO/2022/100201,tuzzahotel@gmail.com,http://www.tuzzahotel.com
Adventure in the Wild Safaris,UTB/RTT/TO/2022/100203,info@gorillaugandasafaris.com,http://www.gorillaugandasafaris.com
EXPLORE UGANDA WITH DAN,UTB/RTT/TO/2022/100207,admin@exploreugandawithdan.com,http://www.exploreugandawithdan.com
Access Uganda Tours Limited,UTB/RTT/TO/2022/100210,mutebihassan@yahoo.com,http://https://www.accessugandatours.com/
Funride Adventures,UTB/RTT/TO/2022/100211,info@funrideadventures.com,http://www.funrideadventures.com
Monumental expeditions and safaris limited,UTB/RTT/TO/2022/100213,info@gorillatrackings.com,http://www.gorillatracking.com
Kisoro Tours Uganda Limited,UTB/RTT/TO/2022/100214,info@kisorotoursuganda.com,http://www.kisorotoursuganda.com
Wild Jungle Trails Limited,UTB/RTT/TO/2022/100218,tours@wildjungletrails.com,http://www.wildjungletrails.com
KATELLA UGANDA SAFARIS LTD,UTB/RTT/TO/2022/100221,info@katellaugandasafaris.com,http://www.katellaugandasafaris.com
Bamboo Ecotours,UTB/RTT/TO/2022/100224,info@bambooecotours.com,http://www.bambooecotours.com
Ape Treks,UTB/RTT/TO/2022/100225,info@apetreks.com,http://www.apetreks.com
Rwenjura Tours and Travel,UTB/RTT/TO/2022/100229,info@rwenjuratoursandtravel.com,http://www.rwenjuratoursandtravel.com
Mukisa Safaris Uganda,UTB/RTT/TO/2022/100231,info@mukisasafarisuganda.com,http://https://www.mukisasafarisuganda.com/
Wild Untouched Adventure,UTB/RTT/TO/2022/100232,info@away2uganda.com,http://www.away2uganda.com
Irembo safaris,UTB/RTT/TO/2022/100235,toursstephen@gmail.com,http://www.iremboafricasafaris.com
Isunga Expeditions,UTB/RTT/TO/2022/100236,contact@isungalodge.com,http://www.isungalodge.com
Primates Quest,UTB/RTT/TO/2022/100237,info@gorillasafariafrica.com,http://www.gorillasafariafrica.com
Kajie Safaris Limited,UTB/RTT/TO/2022/100238,info@kajiesafaris.com,http://www.kajiesafaris.com
Safari For All Ltd,UTB/RTT/TO/2022/100240,info@safariforall.com,http://www.safariforall.com
African Jungle Adventures.,UTB/RTT/TO/2022/100243,info@junglesafarisuganda.com,http://www.junglesafarisuganda.com
RASTI TOURS & SAFARIS LTD,UTB/RTT/TO/2022/100247,info@rastisafaris.com,http://www.rastisafaris.com
Africa Beyond Borders,UTB/RTT/TO/2022/100249,info@africabeyondborders.com,http://www.africabeyondborders.com
Safari with Edris,UTB/RTT/TO/2022/100250,info@safariwithedris.com,http://www.safariwithedris.com
GORILLAS HOMELAND SAFARIS,UTB/RTT/TO/2022/100251,info@gorillashomelandsafaris.com,http://www.gorillashomelandsafaris.com
SILVERBACK GORILLA SAFARIS & RESORT,UTB/RTT/TO/2022/100252,byarseith2012@gmail.com,http://www.gorillacloseuplodge.com
Kiboko Africa Safaris,UTB/RTT/TO/2022/100253,kafricasafaris@gmail.com,http://www.trackgorillasuganda.com
Green World Safaris,UTB/RTT/TO/2022/100256,info@greenworldsafaris.com,http://www.greenworldsafaris.com
SAFARI UGANDA,UTB/RTT/TO/2022/100262,kontakt@safariuganda.de,http://www.safariuganda.de
CANINE SAFARIS LTD,UTB/RTT/TO/2022/100268,info@caninesafaris.com,http://www.caninesafaris.com
Hog Safaris,UTB/RTT/TO/2022/100270,hog@hogsafaris.co.ug,http://www.hogsafaris.co.ug
Gorilla Tracking Agency,UTB/RTT/TO/2022/100271,info@gorillatrackingagency.com,http://www.gorillatrackingagency.com
Adventure Boda Boda Tours Uganda,UTB/RTT/TO/2022/100274,info@ugadventure-safaris.com,http://www.ugadventure-safaris.com
Green Zones Safaris,UTB/RTT/TO/2022/100276,info@thegreenzonesafriadventures.com,http://www.thegreenzonesafriadventures.com
Nahan's Safaris,UTB/RTT/TO/2022/100277,info@nahansafarisug.com,http://www.nahansafarisug.com
KAMPALA EXECUTIVE AVIATION,UTB/RTT/TO/2022/100279,philipgill@keaviation.com,http://www.flykea.com
Red Dirt Uganda,UTB/RTT/TO/2022/100282,thies@reddirtuganda.com,http://www.reddirtuganda.com
LAMBULA WILD ADVENTURES,UTB/RTT/TO/2022/100283,info@wildadventures.ug,http://www.wildadventures.ug
Oree Safaris,UTB/RTT/TO/2022/100284,info@oreesafaris.com,http://www.oreesafaris.com
Journeys Uganda,UTB/RTT/TO/2022/100285,info@journeysuganda.com,http://www.journeysuganda.com
Karimojong Overland Safaris,UTB/RTT/TO/2022/100286,ade@ugandaprohunts.com,http://www.ugandaprohunts.com
Eagle Safaris Limited,UTB/RTT/TO/2022/100287,eliaskaboggoza@yahoo.com,http://www.eaglesafarisuganda.com
Great Adventures Uganda,UTB/RTT/TO/2022/100288,info@greatadventuresafaris.com,http://www.greatadveturesafaris.com
OFFROAD UGANDA SAFARIS,UTB/RTT/TO/2022/100291,info@offroad-safaris.com,http://www.offroad-safaris.com
Ellington Safaris,UTB/RTT/TO/2022/100299,info@ellingtonsafaris.com,http://https://ellingtonsafaris.com/
Bujuku Eco Tours & Travel Ltd,UTB/RTT/TO/2022/100300,info@bujukuecotours.com,http://www.bujukuecotours.com
Alpha Rent a Car,UTB/RTT/TO/2022/100301,alphabetarentals@gmail.com,http://www.alpharentals.co.ug
East African Safaris Limited,UTB/RTT/TO/2022/100302,eastafricansafarislimited@gmail.com,http://www.eastafrican-safaris.com
Bush-shrike Adventures,UTB/RTT/TO/2022/100304,bushshrikeadventures@gmail.com,http://www.bushshrikeadventuresug.com
NATIVE AFRICA TOURS,UTB/RTT/TO/2022/100307,info@gorillauganda.com,http://www.gorillauganda.com
Wildlife Spotter Tour and Travel,UTB/RTT/TO/2022/100308,bestdriverinuganda@gmail.com,http://www.wildlifespottertours.com
1000 Shades of Green Tours and Safari Company Limited,UTB/RTT/TO/2022/100310,info@gogreensafari.com,http://www.gogreensafari.com
Johnnie Uganda Safaris,UTB/RTT/TO/2022/100311,info@johnnieugandasafaris.com,http://www.johnnieugandasafaris.com
African Roots Vacation,UTB/RTT/TO/2022/100314,info@ugandawildlifesafaris.com,http://www.ugandawildlifesafaris.com
WOLF-DMC,UTB/RTT/TO/2022/100315,info@wolf-dmc.com,http://https://www.wolf-dmc.com
Scenic Luxury Vacation,UTB/RTT/TO/2022/100316,scenicluxuryvacation@gmail.com,http://https://www.scenicluxuryvacation.com/
AFRICAN EXPERT SAFARIS,UTB/RTT/TO/2022/100320,Victorafricanexpertsafaris@gmail.com,http://africanexpertsafaris@gmail.com
Enchanted Uganda Safaris,UTB/RTT/TO/2022/100321,info@enchantedugandasafaris.com,http://www.enchantedugandasafaris.com
Trumpet adventure safaris ltd,UTB/RTT/TO/2022/100323,arnoldmubiru6@gmail.com,http://trumpetadventures.com
VIRUNGA ADVENTURE TOURS,UTB/RTT/TO/2022/100324,Info@virungaadventures.com,http://www.virungaadventuretours.com
MAYISHA EXPEDITIONS,UTB/RTT/TO/2022/100326,mayishaexpeditions@gmail.com,http://www.mayishaexpeditions.com
BIG APES AFRICA,UTB/RTT/TO/2022/100330,bigapesafrica@gmail.com,http://www.bigapesafricasafaris.com
Africa Nature Holidays Limited,UTB/RTT/TO/2022/100331,info@africanatureholidays.com,http://www.africanatureholidays.com
Pamora Safaris Uganda Limited,UTB/RTT/TO/2022/100334,bascotey@gmail.com,http://https://www.pamorassafaris.com
Climax Nature Experience,UTB/RTT/TO/2022/100335,info@climaxnature.com,http://www.climaxnature.com
Lake Side Tours and Travels Limited,UTB/RTT/TO/2022/100339,lakesidetoursandtravel@gmail.com,http://www.ugandarwandasafaris.com
Gorilla Trek Africa,UTB/RTT/TO/2022/100340,info@gorillatrekafrica.com,http://www.gorillatrekafrica.com
GIRRAFFE SIGHTS AFRICA,UTB/RTT/TO/2022/100341,gsightsafrica@gmail.com,http://www.giraffesightsafrica.com
Livingstone Safaris,UTB/RTT/TO/2022/100343,info@livingstonesafaris.org,http://www.livingstonesafarisltd.com
Adroa Travels - SMC limited,UTB/RTT/TO/2022/100345,info@adroa-travels.com,http://www.adroa-travels.com
TFH Destination Management,UTB/RTT/TO/2022/100347,admin@tfhdestinationmanagement.com,http://www.tfhdestinationmanagement.com
Geodel Safaris,UTB/RTT/TO/2022/100348,geodelsafaris@gmail.com,http://https://www.geodelsafaris.com/
Rambura Safaris Limited,UTB/RTT/TO/2022/100349,ramburasafaris2@gmail.com,http://www.rambura.com
Angara Tours and Travel Company,UTB/RTT/TO/2022/100350,info@angaratours.com,http://www.angaratours.com
CYCAD VILLAGE UGANDA,UTB/RTT/TO/2022/100355,cycadvillageuganda@gmail.com,http://
SHOEBILL SAFARIS,UTB/RTT/TO/2022/100356,tours@shoebillsafaris.com,http://www.shoebillsafaris.com
Wildlife Adventure Safaris,UTB/RTT/TO/2022/100363,wildlifeadventuresafaris@gmail.com,http://www.wildlifeadventuresafarisuganda.com
Kabarole Tours & Safari Limited,UTB/RTT/TO/2022/100365,info@kabarole-tours.com,http://www.kabarole-tours.com
SHAKA TOURS & TRAVEL,UTB/RTT/TO/2022/100369,info@shakatoursug.com,http://www.shakatoursug.com
Baseka Safaris,UTB/RTT/TO/2022/100370,info@basekasafaris.com,http://www.basekatoursandtravel.com
Pamoja Safaris Uganda,UTB/RTT/TO/2022/100371,info@pamojasafarisuganda.com,http://https://pamojasafarisuganda.com
Gorilla Safaris Uganda,UTB/RTT/TO/2022/100372,info@gorillasafaris-uganda.com,http://https://www.gorillasafaris-uganda.com/
African Pearl Safaris,UTB/RTT/TO/2022/100376,apsafari@africaonline.co.ug,http://www.africapearlsafaris.com
NATURE CONNECT SAFARIS UGANDA,UTB/RTT/TO/2022/100377,info@natureconnectsafarisuganda.com,http://www.natureconnectsafarisuganda.com
BIRCHILL EXPEDITIONS,UTB/RTT/TO/2022/100380,info@birchillexpeditions.com,http://www.birchillexpeditions.com
Standard Safaris,UTB/RTT/TO/2022/100382,standardsafaris@gmail.com,http://www.standardgorillasafaris.com
Mantana African Safaris (Uganda) Limited,UTB/RTT/TO/2022/100385,info@kimbla-mantanauganda.com,http://www.kimbla-mantana.com
Realm Africa Safaris,UTB/RTT/TO/2022/100386,info@realmafricasafaris.com,http://www.realmafricasafaris.com
Primate watch safaris Uganda,UTB/RTT/TO/2022/100388,info@primatewatchsafaris.com,http://www.primatewatchsafaris.com
Nature Adventure Africa Safaris Ltd,UTB/RTT/TO/2022/100390,natureadventureafrica@gmail.com,http://www.ugandantour.com
Embrace Africa Gorilla Vacation,UTB/RTT/TO/2022/100392,gorillavacations@gmail.com,http://www.gorillavacations.com
SKYWAY EXPEDITIONS,UTB/RTT/TO/2022/100402,info@skywayexpeditions.com,http://www.skywayexpeditions.com
MIRAMA HILLS SAFARI'S,UTB/RTT/TO/2022/100403,info@miramahillssafaris.com,http://www.miramahillssafaris.com
Devine African Safaris Ltd,UTB/RTT/TO/2022/100408,devinesafaris@gmail.com,http://www.devineafricansafaris.com
Remikable Adventures Ltd,UTB/RTT/TO/2022/100409,mike@remikableadventures.com,http://www.remikableadventures.com
BLUE ADVENTURE SAFARI,UTB/RTT/TO/2022/100420,blueadventuresncampers@gmail.com,http://www.blueadventuresafari.com
BUCKETLIST TOURS,UTB/RTT/TO/2022/100425,bucketlist23@gmail.com,http://www.bltt.com
Malachite Tour and Travel,UTB/RTT/TO/2022/100428,malachitetravel@gmail.com,http://www.malachitetourand travel.com
ABACUS AFRICAN VACATIONS,UTB/RTT/TO/2022/100432,info@abacusvacations.com,http://www.abacusvacations.com
Katona Tours and Travel,UTB/RTT/TO/2022/100435,info@katonatours.com,http://https://www.katonatours.com/
TRAILS TOURS,UTB/RTT/TO/2022/100436,trailstourslimited@gmail.com,http://www.trailstourslimited.com
Rinsa Wild Travel Safaris,UTB/RTT/TO/2022/100437,info@wildtravelsafaris.com,http://www.wildtravelsafaris.com
CRITICAL TOUR AND SAFARIS,UTB/RTT/TO/2022/100464,admin@criticpathafrica.com,http://www.criticalpathafricatourandsafaris.com
Saso Uganda Safaris Limited,UTB/RTT/TO/2022/100465,sasougandasafaris@gmail.com,http://www.gorillatrip.net
ALL BUDGET GORILLA SAFARIS LTD,UTB/RTT/TO/2022/100466,abgorillasafaris@gmail.com,http://www.trekgorillasafaris.com
FAHABU TOURS AND TRAVEL,UTB/RTT/TO/2022/100477,fahabutoursl@gmail.com,http://www.ftt.com
Eldertrek Safaris,UTB/RTT/TO/2022/100478,info@eldertrekssafaris.com,http://Www.eldertrekssafaris.com
Kob Adventures,UTB/RTT/TO/2022/100480,info@kobadventuresugltd.com,http://www.kobadventuresugltd.com
BIGTEN SAFARIS LIMITED,UTB/RTT/TO/2022/100482,info@bigtensafarisuganda.com,http://www.bigtensafarisuganda.com
ALBOYD TOURS AND TRAVEL,UTB/RTT/TO/2022/100486,alboydtoursandtravel@gmail.com,http://www.alboydtoursandtravel.com
Calvary Safaris,UTB/RTT/TO/2022/100488,info@calvarysafaris.com,http://www.calvarysafaris.com
African Encounters Limited,UTB/RTT/TO/2022/100489,theafricanencounters22@gmail.com,http://www.theafricanencounters.com
SATHCO AFRICAN SAFARIS,UTB/RTT/TO/2022/100491,reservations@sathcosafaris.com,http://www.sathcosafaris.com
GORILLA JUNCTION,UTB/RTT/TO/2022/100506,info@gorillajunction.com,http://www.gorillajunction.com
FOX ADVENTURES UGANDA,UTB/RTT/TO/2022/100507,foxadventures@outlook.com,http://www.foxadventures.nl
RUMARA SAFARIS,UTB/RTT/TO/2022/100508,rumarasafaris@gmail.com,http://https://www.rumarasafaris.com
Mega Wild Safaris Limited,UTB/RTT/TO/2022/100509,megawildsafaris@gmail.com,http://www.megawildsafaris.com
Dav Safari,UTB/RTT/TO/2022/100510,davsafaris@gmail.com,http://www.davsafaris.com
CHOICE GORILLA TOURS,UTB/RTT/TO/2022/100511,choicegorillatours@gmail.com,http://www.choicegorillas.com
Jomert Gorilla Safaris Ltd,UTB/RTT/TO/2022/100515,jomertgorillasafaris@gmail.com,http://www.jomertgorillasafaris.com
WILD BREEZE SAFARIS,UTB/RTT/TO/2022/100516,inquiries@wildbreezesafaris.com,http://www.wildbreezesafaris.com
MANDELA SAFARI HOLIDAYS,UTB/RTT/TO/2022/100517,info@mandelasafariholidays.com,http://www.mandelasafariholidays.com
SOMARAH SAFARIS LIMITED,UTB/RTT/TO/2022/100518,somarah.safaris@gmail.com,http://WWW.SOMARAHSAFARIS.COM
Wildfriends Africa Safaris ltd,UTB/RTT/TO/2022/100523,wildfriendsug@gmail.com,http://www.wildfriendsugandasafaris.com
Majestic Safaris,UTB/RTT/TO/2022/100527,info@majesticsafarisug.com,http://www.majesticsafarisug.com
KONDEVILLER,UTB/RTT/TO/2022/100529,kondeviller@gmail.com,http://www.kondevillertourandtravel.com
Nature Safari Focus,UTB/RTT/TO/2022/100530,info@naturesafarifocus.com,http://www.naturesafarifocus.com
Lasendle Afrika,UTB/RTT/TO/2022/100531,info@lasendleafrika.com,http://www.lasendleafrika.com
Monkey O'clock,UTB/RTT/TO/2022/100532,info@monkey-oclock.com,http://www.monkey-oclcok.com
VAS TRANSPORT AND PROPERTY MANAGEMENT LIMITED,UTB/RTT/TO/2022/100534,transportvas3@gmail.com,http://none
Itinerant Safaris,UTB/RTT/TO/2022/100535,itinerantafricasafaris@gmail.com,http://www.itinrantsafaris.com
Mantis Africa Safaris,UTB/RTT/TO/2022/100536,welcome@mantisafricasafaris.com,http://www.mantisafricasafaris.com
Mystic Adventures,UTB/RTT/TO/2022/100537,info@mysticadv256.com,http://www.mysticadv256.com
Lush land Safaris,UTB/RTT/TO/2022/100538,lushlandsafaris@gmail.com,http://www.lushlandsafaris.com
Nature Exploration Uganda,UTB/RTT/TO/2022/100540,info@natureexploration.tour,http://www.natureexploration.tours
BURSTS OF ADVENTURE LIMITED,UTB/RTT/TO/2022/100545,burstsofadventure@gmail.com,http://www.burstsofadventure.com
MONTEERO SAFARIS,UTB/RTT/TO/2022/100546,monteerosafaris@gmail.com,http://https://monteerosafaris.com/
Dutchess Tours,UTB/RTT/TO/2022/100548,info@dutchessuganda.com,http://www.dutchessuganda.com
AFRICA SCENERIES,UTB/RTT/TO/2022/100557,info@africasceneries.com,http://www.africasceneries.com
Kifaru African Expeditions,UTB/RTT/TO/2022/100559,info@kifarutravelafrica.com,http://www.kifarutravelafrica.com
Hospitable Africa Tours,UTB/RTT/TO/2022/100563,info@hospitableafricatourstravel.com,http://www.hospitableafricatourstravel.com
Uganda Wildlife Scene LTD.,UTB/RTT/TO/2022/100567,info@ugandawildlifescene.com,http://www.ugandawildlifescene.com
Mbogo Africa Safaris,UTB/RTT/TO/2022/100576,info@mbogoafricasafaris.com,http://www.mbogoafricasafaris.com
RAW AFRICA ECO TOURS,UTB/RTT/TO/2022/100578,rawafricatourism@gmail.com,http://www.rawafricatours.com
ENGOZI SAFARIS UGANDA,UTB/RTT/TO/2022/100581,booking@engozisafarisuganda.com,http://www.engozisafarisuganda.com
African Moments Travel Foundation,UTB/RTT/TO/2022/100590,info@africanmomentstravel.org,http://https://africanmomentstravel.org/
Kikooko Africa Safaris,UTB/RTT/TO/2022/100593,rena@kikooko.travel,http://www.kikooko.travel
DOROKAI TOURS AND TRAVELS LTD,UTB/RTT/TO/2022/100597,dorokaitours@gmail.com,http://www.dorokaitoursandtravels.com
TUBALE SAFARIS,UTB/RTT/TO/2022/100598,info@tubalesafaris.com,http://www.tubalesafaris.com
Avali Tours and Travel,UTB/RTT/TO/2022/100600,info@afromax.de,http://https://www.avalitours.de
Vacanza Adventure Safaris,UTB/RTT/TO/2022/100610,info@vacanzaadventuresafaris.com,http://www.vacanzaadventuresafaris.com
Travel Addict,UTB/RTT/TO/2022/100618,traveladdictug@gmail.com,http://www.traveladdictafrica.com
Aura Safaris Africa,UTB/RTT/TO/2022/100619,Albert@Aurasafaisafrica.com,http://https://www.aurasafarisafrica.com/
ARIDRIEL SAFARIS,UTB/RTT/TO/2022/100621,aridrielsafaris@gmail.com,http://http://aridrielsafaris.com
Lalu Africa Tours,UTB/RTT/TO/2022/100622,info@laluafricantours.com,http://www.lalu
Lulu Safaris,UTB/RTT/TO/2022/100624,info@lulusafarisuganda.com,http://www.lulusafarisuganda.com
Dayout Safaris Limited,UTB/RTT/TO/2022/100625,dayoutsafaris@gmail.com,http://www.dayout-safaris.com
Yako Africa,UTB/RTT/TO/2022/100626,info@yakoafrica.com,http://www.yakoafrica.com
Ancient Africa Safaris,UTB/RTT/TO/2022/100628,info@ancientafricasafaris.com,http://www.ancientafricasafaris.com
Hoopoe African Expeditions,UTB/RTT/TO/2023/100631,infor@hoopoeafricanexpeditions.com,http://www.hoopoeafricanexpeditions.com
PUMBA ADVENTURES TOURS AND TRAVEL,UTB/RTT/TO/2023/100632,info@pumbaadventures.com,http://www.pumbaadventures.com
Bright Safaris Uganda,UTB/RTT/TO/2023/100634,info@brightsafarisuganda.net,http://www.brightsafarisuganda.net
MIZUBE TOURS AND TRAVEL,UTB/RTT/TO/2023/100635,mizubetours@gmail.com,http://www.mizubetours.com
Tekko Uganda Safaris,UTB/RTT/TO/2023/100638,info@tekkougandasafaris.com,http://www.tekkougandasafaris.com
JUNIOR TOURS AND TRAVEL,UTB/RTT/TO/2023/100639,juniortourstravel@gmail.com,http://www.juniortours.com
F N gorilla Safaris Africa Limited,UTB/RTT/TO/2023/100641,info@gorilla-tours-uganda.com,http://www.gorilla-tours-uganda.com
Exclusive gorilla journeys,UTB/RTT/TO/2023/100642,info@exclusivegorillajourneys.com,http://www.exclusivegorillajourneys.com
WORLD BLOSSOM SAFARIS LTD,UTB/RTT/TO/2023/100644,info@worldblossomsafari.com,http://www.worldblossomsafari.com
ENGABO TOURS AND SAFARIS,UTB/RTT/TO/2023/100645,engabosafaris@gmail.com,http://www.engabosafaris.com
Henjo African Safaris,UTB/RTT/TO/2023/100648,info@henjoafricansafaris.com,http://www.henjoafricansafaris.com
WILDLIFE ENCOUNTERS,UTB/RTT/TO/2023/100649,info@wildlife-encounters.com,http://www.wildlife-encounters.com
WALTERS TOURS UGANDA,UTB/RTT/TO/2023/100650,walterstoursuganda@gmail.com,http://www.walterstoursuganda.com
SANDFIELD TRAVEL,UTB/RTT/TO/2023/100654,info@sandfieldtravel.com,http://www.sandfieldtravel.com
APE STREAM TOURS & TRAVEL,UTB/RTT/TO/2023/100656,apestreamtourslimited@gmail.com,http://www.apestream.com
TAHFEEZ TOURS AND TRAVEL,UTB/RTT/TO/2023/100657,tahfeeztoursandtravel@gmail.com,http://www.tahfeeztoursandtravel.com
RAYS SAFARIS,UTB/RTT/TO/2023/100658,info@rayssafaris.com,http://www.rayssafaris.com
Joyride Tours and Travel,UTB/RTT/TO/2023/100660,info@jungleexperiencesafaris.com,http://https://jungleexperiencesafaris.com/
MASAABA HOLIDAYS,UTB/RTT/TO/2023/100662,info@masaabagorillatours.com,http://www.masaabagorillatours.com
Summit Fever Expenditions,UTB/RTT/TO/2023/100664,info@summitfeverexped.com,http://www.summitfeverexped.com
NATURE RESPONSIBLE SAFARI UGANDA,UTB/RTT/TO/2023/100668,info@natureresponsiblesafaris-uganda.com,http://www.natureresponsiblesafaris-uganda.com
WHITE NILE RAFTING,UTB/RTT/TO/2023/100672,info@whitenilerafting.com,http://www.whitenilerafting.com
Jamie Jungle Safaris,UTB/RTT/TO/2023/100674,info@jamiejungleugandasafaris.com,http://www.jamiejungleugandasafaris.com
INKREDIBLE AFRIKA LTD,UTB/RTT/TO/2023/100675,inkredibleafrika@gmail.com,http://www.ugandagorillatrails.com
PEARL NATURE HOLIDAYS AND SAFARIS,UTB/RTT/TO/2023/100679,info@pearlnatureholidays.com,http://www.pearlnatureholidays.com
PICK WILD SAFARIS UGANDA LIMITED,UTB/RTT/TO/2023/100681,info@wildsafaris-uganda.com,http://www.wildsafaris-uganda.com
NAKRA SAFARIS UGANDA-SMC LIMITED,UTB/RTT/TO/2023/100683,info@nakrasafarisuganda.com,http://www.nakrasafarisuganda.com
Rwizi Africa Expeditions,UTB/RTT/TO/2023/100690,anankunda@gmail.com,http://www.gorillatrektours.com
LIAM AFRICAN GORILLA EXPEDITIONS,UTB/RTT/TO/2023/100691,info@gorillaexpedtionsafrica.com,http://www.africangorillaexpeditions.com
GREAT VIEW TOURS & TRAVEL,UTB/RTT/TO/2023/100692,greatviewtours@gmail.com,http://www.greatviewtours.com
MAGICAL HIKING TOURS & SAFARIS,UTB/RTT/TO/2023/100693,info@cristalsafaris.com,http://www.cristalsafaris.com
Meanda Uganda,UTB/RTT/TO/2023/100694,nick.brant@meandauganda.com,http://meandauganda.com
Sokwe Safaris,UTB/RTT/TO/2023/100696,info@sokwesafaris.com,http://www.sokwesafaris.com
ELYSON ADVENTURES,UTB/RTT/TO/2023/100697,info@elysonadventures.com,http://www.elysonadventures.com
Pearl Gorilla Tracking Expeditions,UTB/RTT/TO/2023/100701,info@pearlgorilla.com,http://www.pearlgorilla.com
Borassus Safaris,UTB/RTT/TO/2023/100702,info@borassussafaris.com,http://www.borassussafaris.com
Isitoshe Tours and Travel,UTB/RTT/TO/2023/100707,isitoshetoursuganda@gmail.com,http://www.isitoshetours.com
One Village Tours.,UTB/RTT/TO/2023/100709,info@onevillagetours.com,http://www.onevillagetours.com
FITLIONESS SAFARIS UGANDA,UTB/RTT/TO/2023/100711,info@fitlionesstours.com,http://www.fitlionesstours.com
BANGIZI TOURS,UTB/RTT/TO/2023/100712,info@bangizitours.com,http://www.bangizitours.com
SAFARI SUPPORT SERVICES,UTB/RTT/TO/2023/100714,safarisservices21@gmail.com,http://www.safarisupportservices.com
GREEN HOLIDAYS UGANDA,UTB/RTT/TO/2023/100715,greenholidaysug@gmail.com,http://www.greenholidaystoursandtravel.com
DEKS SAFARIS AND TOURS,UTB/RTT/TO/2023/100716,info@dekstours.com,http://www.dekstours.com
Epic Uganda Vacations,UTB/RTT/TO/2023/100717,info.epicugandavacation@gmail.com,http://www.epicugandavacation.com
African Safari Trails,UTB/RTT/TO/2023/100718,info@africansafaristrails.com,http://www.africansafaristrails.com
ALLIED CAR HIRE AND TRANSPORTATION,UTB/RTT/TO/2023/100720,alliedcarhire@gmail.com,http://www.alliedcarsafaris.com
NEW ERA SAFARIS,UTB/RTT/TO/2023/100722,info@newerasafaris.org,http://www.newerrasafaris.com
Primate Holidays,UTB/RTT/TO/2023/100727,primateholidaysar@gmail.com,http://www.primateholiday.com
Nyunguz Safaris,UTB/RTT/TO/2023/100732,brianlinda2014@gmail.com,http://www.nyunguzsafaris.com
Lakato Safaris,UTB/RTT/TT/2019/0010,info@lakatosafaris.com,http://www.lakatosafaris.com
Platinum Tours and Travel,UTB/RTT/TT/2019/00101,mdplatinum@yahoo.com,http://www.platinumsafarisug.com
Charis Uganda Safaris Limited,UTB/RTT/TT/2019/00103,info@charisugandasafaris.com,http://www.charisugandasafaris.com
Destination Jungle Limited,UTB/RTT/TT/2019/00110,d.jungle@safaritoeastafrica.com,http://www.safaritoeastafrica.com
Virgin  Africa  Safaris Limited,UTB/RTT/TT/2019/0012,catherinen@virginafricasafaris.co.ug,http://www.virginafricasafaris.co.ug
Pristine Tours,UTB/RTT/TT/2019/00126,info@pristinetoursuganda.com,http://www.pristinetoursuganda.com
Ganyana Safaris.,UTB/RTT/TT/2019/00164,ganyanaservicesltd@gmail.com,http://www.ganyanasafaris.com
Yaneta Safaris Tours & Travel,UTB/RTT/TT/2019/00178,info@yanetasafaris.com,http://www.yanetasafaris.com
Kwezi Outdoors Limited,UTB/RTT/TT/2019/00183,info@kwezioutdoors.com,http://www.kwezioutdoors.com
Al Saadah Tours,UTB/RTT/TT/2019/00204,alsaadah.tourtravel@gmail.com,http://www.alsaadahtours.com
Carlson Wagon lit Travel,UTB/RTT/TT/2019/0023,swanair@swanairtravel.com,http://www.swanairtravel.com
Augur Tours and Travel Limited,UTB/RTT/TT/2019/00233,info@augurtours.com,http://www.augurtours.com
Uganda Travel Bureau 2004,UTB/RTT/TT/2019/00265,info@utb.co.ug,http://www.travelutb.com
Let's Go Travel Limited,UTB/RTT/TT/2019/0027,info@letsgosafari-ug.com,http://www.ugandaletsgotravel.com
Universal Travels Uganda Limited,UTB/RTT/TT/2019/00285,univtravelsuganda@gmail.com,http://http://www.univtravelsuganda.com
Petnah Africa Tours & Travel Limited,UTB/RTT/TT/2019/00302,info@petnahafricatours.com,http://www.petnahafricatours.com
Kisinga Safaris,UTB/RTT/TT/2019/00304,kisingasafaris@gmail.com,http://http://kisingasafaris.com/
Uganda Trails Limited,UTB/RTT/TT/2019/00341,info@uganda-trails.com,http://www.uganda-trails.com
Bunyonyi Overland Resort Limited,UTB/RTT/TT/2019/00352,resort@bunyonyioverland.com,http://www.bunyonyioverland.com
Bufumbira Tours - SMC Limited,UTB/RTT/TT/2019/00394,info@bufumbiratours.com,http://www.bufumbiratours.com
Baboon Adventure Safaris Limited,UTB/RTT/TT/2019/004,baboonadventures@gmail.com,http://www.visitugandagorillas.com
Rwenzori Rangers Hikers  Association,UTB/RTT/TT/2019/00415,rwenzorihikers@gmail.com,http://www.rwenzorihikers.com
K - Safaris,UTB/RTT/TT/2019/00419,info@k-safaris.com,http://www.k-safaris.com
Africa Runners Co. Limited,UTB/RTT/TT/2019/00420,info@africarunners.co.ug,http://www.africarunners.co.ug
Iconic Travel Services Limited,UTB/RTT/TT/2019/0046,info@iconic-travels.com,http://www.iconic-travels.com
Great World Discoveries International,UTB/RTT/TT/2019/00483,info@gwd-int.com,http://www.gwd-int.com
Love Uganda Safaris and Tours Limited,UTB/RTT/TT/2019/0049,info@loveugandasafaris.com,http://www.loveugandasafaris.com
Bunyonyi Safaris Limited,UTB/RTT/TT/2019/005,info@bunyonyisafaris.com,http://www.bunyonyisafaris.com
Destination Anywhere (U) Limited,UTB/RTT/TT/2019/00520,godkbaguma@gmail.com,http://www.destinationanywhereuganda.com
Great Value Safaris Limited,UTB/RTT/TT/2019/0054,sales@gvsafaris.co.ug,http://www.gvsafaris.com
Al'misbaahu Travel Agency Ltd,UTB/RTT/TT/2019/00549,fajaug@yahoo.com,http://www.almisbaahu.com
Ssemambo Alex Tours and Travel.,UTB/RTT/TT/2019/0055,info@ssemambotours.com,http://www.ssemambotours.com
Summer Tours and Travel Limited,UTB/RTT/TT/2019/0066,reservations@summertourstravel.com,http://www.summertourstravel
Travelog Limited,UTB/RTT/TT/2019/0077,traveloglimited@hotmail.com,http://www.travelogsolutions.com
Bush Expeditions Ltd,UTB/RTT/TT/2019/0090,allan.kimuli@gmail.com,http://www.bushexpeditions.ug
Magic Safaris,UTB/RTT/TT/2020/00131,director@magic-safaris.com,http://www.magic-safaris.com
Avens Travel World Limited,UTB/RTT/TT/2020/00154,info@avenstravelworld.com,http://www.avenstravelworld.com
Travel Hut Uganda,UTB/RTT/TT/2020/00182,info@travelhutug.com,http://www.travelhutug.com
Afric Adict Safaris Limited,UTB/RTT/TT/2020/00188,info@africadict.com,http://www.africadict.com
Xplorer Travel Services Limited,UTB/RTT/TT/2020/0022,info@xplorertravelug.com,http://www.xplorertravel.com
Red RoadTours,UTB/RTT/TT/2020/00222,info@redroadtours.com,http://www.redroadtours.com
Casa Uganda Safaris Limited,UTB/RTT/TT/2020/00223,ecoshamba@gmail.com,http://www.gotouruganda.com
Arlanda Tours and Travel Limited,UTB/RTT/TT/2020/00224,info@arlandatoursandtravelug.com,http://www.arlandatoursandtravelug.com
Jomaar Safaris,UTB/RTT/TT/2020/00228,info@jomaarexplores.com,http://www.jomaarexplores.com
Signature Tours and Travel Limited,UTB/RTT/TT/2020/00230,info@signaturetoursandtravel.com,http://www.signaturetoursandtravel.com
Whistling Duck Tours and Travel Limited  Ltd,UTB/RTT/TT/2020/00246,info@whistlingduckuganda.com,http://www.whistlingduckuganda.com
Tujane Travels Ltd,UTB/RTT/TT/2020/00248,violet@tujane.com,http://www.tujane.com
Tio Tours and Travel,UTB/RTT/TT/2020/00257,info@tiotours.travel,http://www.tiotours.travel
Africa for You Travel Services,UTB/RTT/TT/2020/00269,info@africa4youtravel.com,http://www.africa4youtravel.com
Enjoy Safaris Africa Limited,UTB/RTT/TT/2020/00277,enjoysafaris1@gmail.com,http://www.enjoyafricansafaris.com
Sandiego Tours and Travel,UTB/RTT/TT/2020/00283,sandiegoco25@gmail.com,http://http://www.sandiegomotelmbarara.com/
Great Lakes Safaris Limited,UTB/RTT/TT/2020/00287,info@greatlakessafaris.com,http://www.greatlakessafaris.com
Dillard Tours and Travel Limited,UTB/RTT/TT/2020/00303,info@dillardtours.com,http://https://dillardtours.com/
AA Safaris and Tours Limited,UTB/RTT/TT/2020/0032,info@gorillas-safaris.com,http://www.aasafaristours.com
Maleng Travel,UTB/RTT/TT/2020/00330,book@malengtravel.net,http://www.malengtravel.net
Sky Tours,UTB/RTT/TT/2020/00333,info@skytours.co.ug,http://www.skytours.co.ug
Nanjing Tours & Travel,UTB/RTT/TT/2020/00347,nanjingtourandtravel@hotmail.com,http://http://www.nanjingtourandtravel.com/
Gofan Safaris and Travel Africa Limited,UTB/RTT/TT/2020/00353,uganda@gofunsafaris.com,http://www.gofunsafaris.com
Orogu Tours & Travel (U) Limited,UTB/RTT/TT/2020/00359,orogutours@gmail.com,http://www.orogutours.co.ug
Victory Travel Centre.,UTB/RTT/TT/2020/00376,victorytravelcentre@gmail.com,http://www.victorytravelcentre.com
Gorilla & Beyond Safaris Limited,UTB/RTT/TT/2020/00409,info@gorillasandbeyond.com,http://www.gorillasandbeyond.com
Sion Travel Services Limited,UTB/RTT/TT/2020/0042,reservations@siontravel.co.ug,http://www.siontravel.co.ug
Buutu Safaris,UTB/RTT/TT/2020/00422,safaris@buutusafaris.com,http://www.buutusafaris.com
Global InterlinkTravel Services Limited,UTB/RTT/TT/2020/0043,global@global-interlink.org,http://www.global-interlink.org
Kesy Tours & Travel Limited,UTB/RTT/TT/2020/00451,info@kesytours.com,http://www.kesytours.com
High Flying Tours & Travel Agency (U) Limited,UTB/RTT/TT/2020/00466,info@highflyingtours.com,http://www.highflyingtours.com
Riddick Safaris,UTB/RTT/TT/2020/00468,riddicksafaris@gmail.com,http://www.riddicksafaris.com
Extreme Safaris Limited,UTB/RTT/TT/2020/00471,extremesafaris@gmail.com,http://www.gorillasafaris.com
Da Link Safaris,UTB/RTT/TT/2020/00493,info@dalinksafaris.com,http://www.dalinksafaris.com
Havy Tours and Travel,UTB/RTT/TT/2020/00498,travel@havytours.com,http://www.havytours.com
Nkundwa Safaris & Travel,UTB/RTT/TT/2020/00503,nkundwasafaris219@gmail.com,http://www.nkundwasafaris.com
Country Sights Tours,UTB/RTT/TT/2020/00506,info@countrysightstours.com,http://www.contrysightstours.com
Keezire Safaris Ltd,UTB/RTT/TT/2020/00518,keezire@gmail.com,http://www.keezire.com
Ethe'real Limited,UTB/RTT/TT/2020/00542,etherealltd@gmail.com,http://https://ethe-real.com/
Faraja Safaris,UTB/RTT/TT/2020/00563,booking@farajasafari.com,http://www.farajasafari.com
Rehabot Tours & Travel,UTB/RTT/TT/2020/00587,rehabottravelagency@gmail.com,http://www.rehabottoursandtravel.com
Palms Travel Bureau Limited,UTB/RTT/TT/2020/0059,info@palmtravel.co,http://www.palmtravel.co
Mubarak International Tours and Travel,UTB/RTT/TT/2020/00605,info@mubaraktravel.info,http://www.mubaraktravel.org
Vivid Adventure Safaris,UTB/RTT/TT/2020/00614,info@vividsafarisuganda.com,http://www.vividsafarisuganda.com
Farways Safaris,UTB/RTT/TT/2020/00620,farwaystravelug@yahoo.com,http://www.farwayssafarisug.com
EL Fayrous Tours Ltd,UTB/RTT/TT/2020/00622,fayrousel404@gmail.com,http://www.asapapamaap.com
Stir Uganda Safaris,UTB/RTT/TT/2020/00629,info@stirugandasafaris.com,http://www.stirugandasafaris.com
Tracks and Trails,UTB/RTT/TT/2020/00635,info@tracksandtrailsug.com,http://tracksandtrailsug.com
Rockman Safaris,UTB/RTT/TT/2020/00642,rockmansafarisltd@gmail.com,http://www.rockmansafaris.com
Bashem Safaris East Africa.,UTB/RTT/TT/2020/00645,bashemtransportcoltd@gmail.com,http://www.bashemsafaris.com
Montis Travels,UTB/RTT/TT/2020/00646,info@montistravels.com,http://www.montistravels.com
Charma Tours & Travel,UTB/RTT/TT/2020/00662,tusiime.mable16@gmail.com,http://www.charmatoursandtravel.com
Olives Expeditions Limited,UTB/RTT/TT/2020/00669,support@olivesexpeditions.com,http://www.olivesexpeditions.com
Esfic Tours and Travel.,UTB/RTT/TT/2020/00672,esfictours@gmail.com,http://www.esfictours.com
Signature Africa,UTB/RTT/TT/2020/00678,info@signature-africa.com,http://www.signature-africa.com
BETHLEHEM TOURS AND TRAVELS,UTB/RTT/TT/2020/00683,info@bethlehemtt.com,http://www.bethlehemtt.com
Truevine GorillaTrekers,UTB/RTT/TT/2020/00699,truevinesafaris@gmail.com,http://www.truevinesafaris.com
Maranatha Tours and Travel,UTB/RTT/TT/2020/00704,maranathatours@gmail.com,http://www.advatureugandasafaris.com
Ashurah Tours and Travel,UTB/RTT/TT/2020/00706,tours@ashurahagency.com,http://www.ashurahagency.com
ROSKANE INTERNATIONAL,UTB/RTT/TT/2020/00712,roskaneinternationalltd24@gmail.com,"http://www,roskanetoursandtravel.com"
MAGIC AFRICAN SAFARIS LTD,UTB/RTT/TT/2020/00732,info@magicafricansafaris.com,http://www.magicafricasafaris.com
Pamba Tours,UTB/RTT/TT/2020/00793,pambatoursuganda@gmail.com,http://www.pambatours.com
Tubayo,UTB/RTT/TT/2020/00794,info@tubayo.com,http://www.tubayo.com
Great Lions Safaris,UTB/RTT/TT/2020/00799,info@greatlionssafaris.com,http://www.greatlionssafaris.com
Vilakazi Safaris Limited,UTB/RTT/TT/2020/0081,info@vilakazisafaris.com,http://www.vilakazisafaris.com
Nile Abenteuer,UTB/RTT/TT/2020/0098,info@nileabenteuer.com,http://www.nileabenteuer.com
MATOKE TOURS,UTB/RTT/TT/2021/001018,info@matoketours.com,http://www.matoketours.com
LOREMI TOURS,UTB/RTT/TT/2021/001022,loremitours@gmail.com,http://www.loremitours.com
Africa Adventure  Safaris,UTB/RTT/TT/2021/001056,info@rwandagorillassafari.com,http://www.ugadagorillatour.com
Afri Frontiers Tours & Travel,UTB/RTT/TT/2021/001064,aftt2011@yahoo.com,http://www.afri-frontier.com
Emerald of Africa Safaris,UTB/RTT/TT/2021/001095,info@gorillaexperiencesafaris.com,http://www.gorillaexperiencesafaris.com
Fleetline Tours and Travel,UTB/RTT/TT/2021/001117,fleetlinetoursandtravel@gmail.com,http://www.fleetlinersuganda.com
Safari Empire,UTB/RTT/TT/2021/001122,info@safariempire.com,http://www.safariempire.com
Joy Safaris Limited,UTB/RTT/TT/2021/00122,info@joycampervansafari.com,http://www.joycampervansafari.com
Gracious Tours and Travel Limited,UTB/RTT/TT/2021/0017,info@gracioustours.co.ug,http://www.ugandasafari-tours.com
Globetrotters Travel and Tours Limited,UTB/RTT/TT/2021/00289,sales@globe-safaris.com,http://https://www.globe-safaris.com/
Taste Africa (U) Limited,UTB/RTT/TT/2021/00291,info@tasteafricasafaris.com,http://www.tasteafricasafaris.com
Ishango Expeditions Ltd,UTB/RTT/TT/2021/00298,office@ishangoexpeditions.com,http://www.ishangoexpeditions.com
Pamoja Tours & Travel Company Limited,UTB/RTT/TT/2021/00314,pamojatoursandtravel@gmail.com,http://https://africasafaritravellers.com/
Travelers Link Africa Limited,UTB/RTT/TT/2021/0033,info@travelerslinkafrica.com,http://www.travelerslinkafrica.com
Vijana Adventures,UTB/RTT/TT/2021/00332,info@vijanaadventures.com,http://www.vijanaadventures.com
Home to Africa Tours and Travel,UTB/RTT/TT/2021/00340,elias@hometoafrica.com,http://https://hometoafrica.com/
Insight Safari Holidays Limited,UTB/RTT/TT/2021/00363,info@insightsafariholidays.com,http://www.insightsafarisholidays.com
Weli Travel Limited,UTB/RTT/TT/2021/00404,info@welitravel.com,http://www.weli-travel.com
Blueberry Travel,UTB/RTT/TT/2021/00481,ebbsales@blueberry-travel.com,http://www.blueberry-travel.com
DTA Adventure Tours and Travel Limited,UTB/RTT/TT/2021/00514,info@dtaadventures.com,http://www.dtaadventures.com
Prime Safaris and Tours Limited,UTB/RTT/TT/2021/0052,info@primeugandasafaris.com,http://www.primeugandasafaris.com
Rugote African Tours,UTB/RTT/TT/2021/00530,info@rugoteafricantours.com,http://www.rugoteafricantours.com
Divine African Holidays Tours & Travel,UTB/RTT/TT/2021/00572,info@divineafricantours.com,http://www.divineafricantours.com
Roots Tours and Travel,UTB/RTT/TT/2021/00575,info@tourwithroots.com,http://www.tourwithroots.com
Lake Kitandara Tours & Travel,UTB/RTT/TT/2021/00579,kitanda@infocom.co.ug,http://www.kitandarasafariholidays.com
Paradise Adventure Vacations,UTB/RTT/TT/2021/00607,info@paradiseadventurevacations.com,http://www.paradiseadventurevacations.com
Safari Partners Africa,UTB/RTT/TT/2021/00703,safaris@safaripartnersafrica.com,http://www.safaripartnersafrica.com
Lazaros Travel and Safaris,UTB/RTT/TT/2021/00811,lazaros_ug@outlook.com,http://www.lazarostravel.com
Safari Vacations and Travel Services,UTB/RTT/TT/2021/00814,info@ugandarwanda-safaris.com,http://www.ugandarwanda-safaris.com
AZAS SAFARIS U LTD,UTB/RTT/TT/2021/00816,info@azas-safarisuganda.com,http://www.azas-safarisuganda.com
Africa Reveal Safaris,UTB/RTT/TT/2021/00823,info@africarevealsafaris.com,http://http://www.africarevealsafaris.com/
MAJLIS HIJJA& UMRAH TOURS & TRAVEL,UTB/RTT/TT/2021/00825,majlishijja@gmail.com,http://
AFRICAN ADVENTURE TRAVELLERS,UTB/RTT/TT/2021/00826,tours@adventure-travellers.com,http://www.adventure-travellers.com
KATNKAR SAFARIS,UTB/RTT/TT/2021/00830,info@katnkar.com,http://www.katnkarsafaris.com
Apple Wild Safaris,UTB/RTT/TT/2021/00842,info@applewildsafaris.com,http://www.applewildsafaris.com
GLOBAL TRAVEL OPERATORS,UTB/RTT/TT/2021/00844,info@globaltraveloperators.com,http://www.globaltraveloperators.com
NOWORKS TOURS AND TRAVEL,UTB/RTT/TT/2021/00848,noworkstoursandtravel@gmail.com,http://www.noworkstoursandtravel.com
GIANT GORILLA SAFARIS-SMC LIMITED,UTB/RTT/TT/2021/00854,info@giantgorillasafaris.com,http://www.giantgorillasafaris.com
VOYAGER GLOBAL SOLUTIONS,UTB/RTT/TT/2021/00859,sarina@voyagergs.com,http://WWW.VOYAGERGS.COM
Brovad Tours and Travel,UTB/RTT/TT/2021/0097,brovadsafaris@yahoo.com,http://gorillatoursuganda.com
Footprints Safaris,UTB/RTT/TT/2021/00994,enquiries@footprints-safaris.com,http://www.footprints-safaris.com
Pigeon Safaris-SMC ltd,UTB/RTT/TT/2021/00995,info@pigeonsafaris.com,http://www.pigeonsafaris.com
Awel Tours & Travel Agency,UTB/RTT/TT/2021/00997,awellimited@gmail.com,http://www.aweltravelagency.ug
Gonya Safaris,UTB/RTT/TT/2021/100001,booking@gonyasafaris.com,http://www.gonyasafaris.com
Travellers World,UTB/RTT/TT/2021/100005,travellersworld12@gmail.com,http://www.travellersworldug.business.site
Raise Travels & Tours,UTB/RTT/TT/2021/100006,raisetravelsandtours@gmail.com,http://www.raisetravelsandtours.com
Hamsoft International Tours,UTB/RTT/TT/2021/100008,info@hamsoftinternationaltoursandtravel.com,http://www.hamsofttoursandtravel.net
Mandrill African Safaris,UTB/RTT/TT/2021/100009,info@mandrillsafaris.com,http://www.mandrillsafaris.com
Travilius Tours & Travel Limited,UTB/RTT/TT/2021/100010,traviliustravel@gmail.com,http://www.traviliustravel.com
Y-Save Safaris (U) Limited,UTB/RTT/TT/2021/100015,travel@ysavesafaris.com,http://www.ysavesafaris.com
DKJ Car Rental Uganda,UTB/RTT/TT/2021/100018,info@dkrentacaruganda.com,http://www.dkrentacaruganda.com
Umarella Voyage Safaris Ltd,UTB/RTT/TT/2021/100021,umarellavoyagesafaris@gmail.com,http://www.umarellasafaris.com
Metropolitan Safaris Limited,UTB/RTT/TT/2021/100029,metropolitansafaris@gmail.com,http://www.metropolitansafaris.com
Uganda Family Tours and Travel,UTB/RTT/TT/2021/100030,safaris@ugandafamilytours.com,http://www.ugandafamilytours.com
DREAM BANDAS UGANDA,UTB/RTT/TT/2021/100034,info@dreambandasuganda.com,http://www.nuellatours.com
Across Africa Holidays,UTB/RTT/TT/2021/100035,welcome@across-africa.de,http://www.acrossafrica.travel
Kyoga Tours and Travel,UTB/RTT/TT/2021/100036,info@kyogatours.com,http://www.kyogatours.com
Exclusive Tours and Travel Ltd,UTB/RTT/TT/2021/100037,info2exclusivetoursandtravels@gmail.com,http://www.exclusivetoursandtravels.com
Promise Travel,UTB/RTT/TT/2021/100039,promisetravelconsultants@gmail.com,http://www.promisetravelconsultants.com
Spice Tours and Travel,UTB/RTT/TT/2021/100040,info@spicetours.co.ug,http://www.spicetours.co.ug
Sengo Experiences,UTB/RTT/TT/2021/100045,godfrey@sengoexp.com,http://www.sengoexp.com
LIONHEAD TOURS AND TRAVEL,UTB/RTT/TT/2021/100047,lionsheadtoursandtravel@gmail.com,http://www.lionheadtoursandtravel.com
TRAVEL BLITZ UGANDA LTD,UTB/RTT/TT/2021/100051,travelblitzug@gmail.com,http://www.travelblitzug.com
Verdoro Safaris Uganda,UTB/RTT/TT/2021/100057,verdorosafaris@gmail.com,http://www.verdorosafarisuganda.com
Monrich Tours and Travel,UTB/RTT/TT/2021/100059,monrichtours@gmail.com,http://www.monrichtours.com
Safari Skies,UTB/RTT/TT/2021/100062,info@safariskies.com,http://www.safariskies.com
Dark Hills Uganda,UTB/RTT/TT/2021/100063,darkhillsuganda@gmail.com,http://www.darkhillsuganda.com
Dolphine Tours and Travel,UTB/RTT/TT/2021/100064,dolphintours@live.com,http://www.ugandagorillatrekkingtrips.com
Dika Safaris Limited,UTB/RTT/TT/2021/100065,dikafarms@gmail.com,http://www.dikasafaris.com
Engagi Safaris,UTB/RTT/TT/2021/100066,engagisafaris@gmail.com,http://www.trekengagi.com
Kabira Safaris & Tours,UTB/RTT/TT/2021/100069,kabirasafaris@gmail.com,http://www.kabiraugandasafaris.com
Mpaatanel tours and travel,UTB/RTT/TT/2021/100074,mpaatatoursandtravel@gmail.com,http://www.mpaataneltours.com
Ebs Tours and Safaris,UTB/RTT/TT/2021/100077,info@ebstoursandsafaris.com,http://www.ebstoursandsafaris.com
Lets Go Gorilla Uganda Tours and Travel,UTB/RTT/TT/2021/100080,info@letsgogorillauganda.com,http://www.letsgogorillauganda.com
Entebbe Airways,UTB/RTT/TT/2021/100086,admin@entebbeairways.com,http://www.entebbeairways.com
VUGA TOURS AND TRAVEL,UTB/RTT/TT/2021/100088,info@vugauganda.com,http://www.vugauganda.com
Abu East Africa,UTB/RTT/TT/2021/100089,abu.eastafrica@gmail.com,http://www. abueastafrica.com
Wildlabs Safaris,UTB/RTT/TT/2021/100090,wildlabssafaris@gmail.com,http://www.wildlabssafaris.com
Wild Whispers Africa Limited,UTB/RTT/TT/2021/100092,info@wildwhispersafrica.com,http://www.wildwhispersafrica.com
Oyster Safaris,UTB/RTT/TT/2021/100094,kadnan555@gmail.com,http://www.oystersafarisandtours
Nkwanzi Travel,UTB/RTT/TT/2021/100117,contact@nkwanzitravel.com,http://www.nkwanzitravel.com
Mumwe Global Travel Services,UTB/RTT/TT/2021/100119,info@mumwesafarisuganda.com,http://www.mumwesafarisuganda.com
Jothado Safaris,UTB/RTT/TT/2021/100129,info@jothadosafaris.com,http://www.jothadosafaris.com
Great Trekkers Safaris,UTB/RTT/TT/2021/100130,greattrekkers@gmail.com,http://www.greattrekkers.com
Uganda Explorers,UTB/RTT/TT/2022/100140,craterlakecoltd@gmail.com,http://www.ugandaexplorers.com
CHARMI TOURS CONSULTANTS LTD,UTB/RTT/TT/2022/100142,charmitourskampala@gmail.com,http://www.charmitoursconsults.com
Jungle Escape Africa,UTB/RTT/TT/2022/100143,tours@jungleescapeafrica.com,http://www.jungleescapeafrica.com
Matts Wheel,UTB/RTT/TT/2022/100145,mattswheel@gmail.com,http://www.mattswheel.wexsite.com
Seven Ranges Tours & Travel,UTB/RTT/TT/2022/100146,sevenrangestoursandtravel@gmail.com,http://www.sevenrangeshotel.com
Kristev Travel  Safaris,UTB/RTT/TT/2022/100147,kristevtravelsafaris@gmail.com,http://www.kristevsafaris.com
Mawick Tours & Travel,UTB/RTT/TT/2022/100148,mawic.md@gmail.com,http://www.mawicktours.com
Thrill Expeditions,UTB/RTT/TT/2022/100149,thrillexpeditionsltd@yahoo.com,http://www.thrillexpeditions.com
SF,UTB/RTT/TT/2022/100151,info@silverfleetltd.com,http://www.silverfleet.com
Proba Safaris,UTB/RTT/TT/2022/100152,probasafaris1@gmail.com,http://www.probasafarisandlogisticsltd.com
Tembezi Transporters,UTB/RTT/TT/2022/100153,tembezitransporters@gmail.com,http://www.tembezitransporters.com
Baw Travel,UTB/RTT/TT/2022/100154,baw.com2013@gmail.com,http://www.bawtravels.com
Daniza Tours,UTB/RTT/TT/2022/100157,info@danizatours.co.ug,http://www.danizatours.co.ug
Pickatrip Tours and Travel,UTB/RTT/TT/2022/100158,pickatrip@hotmail.com,http://www.pickatrip.co.ug
Sarvic Tours & Travel,UTB/RTT/TT/2022/100160,sarvictoursandsafaris5@gmail.com,http://www.sarvictoursand safaris.com
AFRICAN ROCK SAFARIS LTD,UTB/RTT/TT/2022/100164,africanrocksafaris@gmail.com,http://www.safariwithgorillas.com
Africa's Great Explorations,UTB/RTT/TT/2022/100165,info@agesafaris.com,http://www.agesafaris.com
Charzinga Tours&Travel,UTB/RTT/TT/2022/100166,info@charzingatours.com,http://www.charzingatours.com
AFRICA LOOK TOURS AND TRAVEL LTD,UTB/RTT/TT/2022/100167,Info@tripuganda.com,http://www.tripuganda.com
SEGVIC CONSULTS,UTB/RTT/TT/2022/100169,segvicconsults@gmail.com,http://www.segvicconsults.com
FLY WORLDTOURS AND TRAVEL,UTB/RTT/TT/2022/100170,care4uganda@gmail.com,http://www.flyworldtoursandtravel.com
WINWORLD TOURS AND TRAVELS,UTB/RTT/TT/2022/100171,sales@winworldtravel.ug,http://www.winworldtravel.ug
Sites Travels,UTB/RTT/TT/2022/100172,reservations@sitestravel-ug.com,http://www.sitestravel-ug.com
Rada Safaris,UTB/RTT/TT/2022/100173,info@radasafaris.com,http://www.radasafaris.com
Dove Tours and Travel Limited,UTB/RTT/TT/2022/100174,dovetours@dovetours.co.ug,http://www.dovetoursandtravel.com
Albatross Safaris,UTB/RTT/TT/2022/100179,albatrossug@gmail.com,http://www.nihaofeizhou.cn
Explore Global Agency,UTB/RTT/TT/2022/100185,info@exploreglobalagency.com,http://www.exploreglobalagency.com
St. Micheal Tours and Travel,UTB/RTT/TT/2022/100195,admin@stmichealtoursandtravel.com,http://www.stmichealtoursandtravel.com
Ronick Tours and Travel,UTB/RTT/TT/2022/100208,ronicktoursandtravel@gmail.com,http://www.ronicktravel.com
Agasha African Expeditions Ltd,UTB/RTT/TT/2022/100209,ronet@agashaexpeditions.com.au,http://http://agashaexpeditions.com.au/
Skyworld Travel & Tours,UTB/RTT/TT/2022/100212,skyworldug@gmail.com,http://www.skyworld.co.ug
Churchill All Africa Safaris,UTB/RTT/TT/2022/100215,info@churchillsafaris.com,http://www.churchillsafaris.com
Maat Afrika Safaris,UTB/RTT/TT/2022/100216,info@maatafrikasafaris.com,http://www.maatafrikasafaris.com
Sail Adventures Tours And Travel,UTB/RTT/TT/2022/100217,Info@saildadventureuganda.com,http://www.sailadventureuganda.com
EXCLUSIVE UGANDA SAFARIS,UTB/RTT/TT/2022/100219,enquiries@exclusiveugandasafaris.com,http://www.exclusiveugandasafaris.com
AFRIKAN WILDLIFE SAFARIS,UTB/RTT/TT/2022/100222,info@afrikanwildlife.com,http://http://www.afrikanwildlife.com/
Bujo Safaris,UTB/RTT/TT/2022/100223,info@bujosafaris.com,http://www.bujosafaris.com
HALLELUJAH TOURS AND TRAVEL AGENCY,UTB/RTT/TT/2022/100226,hallelujaht9996@gmail.com,http://www.hallelujahtoursandtravel.com
Grassrootz Adventures Uganda,UTB/RTT/TT/2022/100230,info@grassrootzuganda.com,http://www.grassrootzuganda.com
Traveltime,UTB/RTT/TT/2022/100233,traveltimeuganda@gmail.com,http://www.traveltimeuganda.com
RWENZORI TREKKING SERVICES,UTB/RTT/TT/2022/100234,rwenzoritrekking@gmail.com,http://www.rwenzoritrekking.com
HERPING TOUR SAFARIS - SMC LTD,UTB/RTT/TT/2022/100239,herpingtoursug@gmail.com,http://herpingtoursafaris-smc.com
Ubora Adventure,UTB/RTT/TT/2022/100241,uboraadventures@gmail.com,http://www.uboraadventures.org
Timu Grand Africa Safaris,UTB/RTT/TT/2022/100242,info@timugrandafricasafaris.com,http://www.timugrandafricasafaris.com
Hornbill Treks and Safaris Limited,UTB/RTT/TT/2022/100244,welcome@hornbillafricansafaris.com,http://www.hornbillafricansafaris.com
Muafrika Expeditions,UTB/RTT/TT/2022/100245,info@muafrika.es,http://www.muafrika.es
Biko  Tours & Travel,UTB/RTT/TT/2022/100246,bikotours@yahoo.com,http://www.bikogroup.com
ACACIA TOURS AND TRAVEL,UTB/RTT/TT/2022/100248,acaciatourstravel66@gmail.com,http://www.acaciatourstravel.com
Shamo Tours and Travel,UTB/RTT/TT/2022/100254,shamotravels@gmail.com,http://
GOLDEN ADVENTURES AFRICA TOUR AND TRAVEL,UTB/RTT/TT/2022/100255,cadogs62@gmail.com,http://www.goldenadvafrica.com
Vast Gorillas Safaris limited,UTB/RTT/TT/2022/100257,thevast21@gmail.com,http://https://www.v-gorillassafaris.com
Nobility Tours and Travel,UTB/RTT/TT/2022/100259,nobilitytourtravels@gmail.com,http://eestwadman.com
Adior Tours and Travel Ltd,UTB/RTT/TT/2022/100261,adiortours@gmail.com,http://www.adiortours.com
Savanna Trails,UTB/RTT/TT/2022/100264,info@savannatrails.com,http://www.savannatrails.com
Greenleaf Tourist Club,UTB/RTT/TT/2022/100265,info@green.co.ug,http://www.green.co.ug
Weismann Expeditions,UTB/RTT/TT/2022/100266,info@weismannexpeditions.com,http://www.weismannexpeditions.com
D Patrick Kato Tours & Travel,UTB/RTT/TT/2022/100267,katotours@yahoo.com,http://www.katotours.org
Gorilla Back bone Safaris,UTB/RTT/TT/2022/100269,gorillabbsafaris18@gmail.com,http://www.gorillabackbornesafaris.com
MWIZA SAFARIS LIMITED,UTB/RTT/TT/2022/100272,mwizasafaris40@gmail.com,http://www.mwizasafaris.com
Earth Tracks Safaris,UTB/RTT/TT/2022/100278,allinetuk@gmail.com,http://www.earthtrackssafaris.com
SUN WING TOURS AND TRAVELS,UTB/RTT/TT/2022/100280,sunwingtours2000@gmail.com,http://www.sunwingstour.com
Quera Safaris Africa,UTB/RTT/TT/2022/100281,qsafarisafrica@gmail.com,http://www.qsafarisafrica.com
Moses Uganda Tours and Taxis,UTB/RTT/TT/2022/100289,moses.tours@live.com,http://www.mosesugandatours.com
Kibale Tours Limited,UTB/RTT/TT/2022/100290,info@kibaletours.com,http://www.kibaletours.com
KUSIIMA TOURS AND TRAVEL,UTB/RTT/TT/2022/100292,kusiimatoursandtravel@gmail.com,http://www.kusiimatoursandtravel.com
Inspire Africa Safaris,UTB/RTT/TT/2022/100293,info@inspiresafaris.com,http://www.inspiresafaris.com
African Skies,UTB/RTT/TT/2022/100295,info@africanskiessafaris.com,http://www.africanskiessafaris.com
Mystery Gorilla Safaris,UTB/RTT/TT/2022/100296,info@mysterygorilla.com,http://www.mysterygorilla.com
Acheche Tours and Events Management,UTB/RTT/TT/2022/100297,achechetours@gmail.com,http://www.achechetours.com
LAVITUS INVESTMENTS LTD,UTB/RTT/TT/2022/100298,info@lavitusinvestments.com,http://info@lavitusinvestments.com
Prisha Tours and Travel,UTB/RTT/TT/2022/100303,contact@prishatoursuganda.com,http://www.prishatoursuganda.com
ID Trails Travel and Tours,UTB/RTT/TT/2022/100305,id3tours@gmail.com,http://www.id3t.com
Thavma Travels,UTB/RTT/TT/2022/100306,thavmatravels@gmail.com,http://www.thavmatravels.com
BEYOND TRAVEL,UTB/RTT/TT/2022/100312,tours@beyondtravel.africa,http://www.beyondtravel.africa
Bwindi Gorilla Tours,UTB/RTT/TT/2022/100313,info@visitbwindigorillatours.com,http://www.visitbwindigorillatours.com
Two Servants Tours & Safaris,UTB/RTT/TT/2022/100317,info@twoservants.com,http://http://twoservants.com/
INTERIOR SAFARIS,UTB/RTT/TT/2022/100319,info@interiorsafarisea.com,http://www.interiorsafarisea.com
Mogambo Travels,UTB/RTT/TT/2022/100322,patxi@mogambo.ug,http://www.mogambo.ug
Intek Travel,UTB/RTT/TT/2022/100325,operations@intektravel.com,http://www.intektravel.com
SOMET TOURS,UTB/RTT/TT/2022/100327,info@somettours.com,http://www.somettours.com
PIECE OF UGANDA SAFARIS,UTB/RTT/TT/2022/100328,safaris@pieceof.ug,http://www.pieceof.ug
MACVEK TOURS TOURS AND TRAVEL,UTB/RTT/TT/2022/100329,info@macvektravels.com,http://www.macvektravels.com
A.J Tours,UTB/RTT/TT/2022/100332,info@a-j-tours.com,http://www.a-j-tours.com
Vibrant Holidays Safaris,UTB/RTT/TT/2022/100333,vibrantholidaysafaris@gmail.com,http://https://gorillaugandatour.com/
SAFARIS BY JON,UTB/RTT/TT/2022/100336,info@safarisbyjon.com,http://www.safarisbyjon.com
TRAWILLS TOURS AND TRAVEL LIMITED,UTB/RTT/TT/2022/100337,henrywills59@gmail.com,http://www.trawillstours.com
MBZ Group Africa,UTB/RTT/TT/2022/100338,info@mbzgroup.africa,http://www.mbzgroup.africa
House of Uganda Safaris,UTB/RTT/TT/2022/100342,info@houseofugandasafaris.com,http://www.houseofugandasafaris.com
East African Jungle Safaris,UTB/RTT/TT/2022/100344,info@eastafricanjunglesafaris.com,http://www.eastafricanjunglesafaris.com
TAMBURAHO AFRICA TOURS AND TRAVEL SMC LTD,UTB/RTT/TT/2022/100346,edwardndyamuhaki@gmail.com,http://www.tamburahoafrica.com
Wild Epic Safaris,UTB/RTT/TT/2022/100351,wildepicsafaris@gmail.com,http://www.wildepicsafararis.com
Richara Safaris & Tours,UTB/RTT/TT/2022/100352,richarasafaris@gmail.com,http://www.richarasafaris.com
KITAGATA SAFARIS UGANDA,UTB/RTT/TT/2022/100353,info@kitagatasafarisuganda.com,http://www.kitagatasafarisuganda.com
NEUROMEDIA TOURS AND TRAVEL,UTB/RTT/TT/2022/100354,utraveldeals@gmail.com,http://www.nttl.com
TRIPSOPEDIA SAFARIS LIMITED,UTB/RTT/TT/2022/100357,info@tripsopedia.travel,http://www.tripsopedia.travel
Carlton Maven Tours & Travel,UTB/RTT/TT/2022/100358,keitat@cml.co.ug,http://www.cml.co.ug
Calsaar Safaris Uganda,UTB/RTT/TT/2022/100359,info@calsaarsafaris.com,http://www.calsaarsafaris.com
REACHOUT SAFARIS & TRAVEL AGENCIES LTD,UTB/RTT/TT/2022/100364,faithlawt@yahoo.com,http://info@reachouttravels.co.ug
Dina Tours and Travel Company Limited,UTB/RTT/TT/2022/100366,reservations@dina-tours.com,http://www.dina-tours.com
Mozam Classic Tours and Movers,UTB/RTT/TT/2022/100367,mozamclassic@gmail.com,http://www.mozamclassic.com
Mutanda Gorilla Tours Limited,UTB/RTT/TT/2022/100368,kadogo@mutandagorillatours.com,http://www.mutandagorillatours.com
MULUNGI A.M TOURS & TRAVEL,UTB/RTT/TT/2022/100373,mulungitours@gmail.com,http://www.mulungitours&travel.com
Raven Travel Safaris,UTB/RTT/TT/2022/100374,victoria@raventravelsafaris.com,http://www.raventravelsafaris.com
Big Lion Trails Safaris,UTB/RTT/TT/2022/100375,tour@biglionsafaris.com,http://www.biglionsafaris.com
Webale safaris,UTB/RTT/TT/2022/100378,info@webalezafaris.com,http://www.Webale safaris.com
AFRICA IMMERSION ADVENTURES,UTB/RTT/TT/2022/100379,info@africanimmersionadventures.com,http://https://www.africanimmersionadventures.com
OTUL TOURS AND SAFARIS LIMITED,UTB/RTT/TT/2022/100381,otultourssafaris@gmail.com,http://www.otultours&safaris.com
BRIT TOURS,UTB/RTT/TT/2022/100383,info@brit-tours.com,http://https://www.brit-tours.com
Inter- Tropical Tours& Travel,UTB/RTT/TT/2022/100384,paulnangai@gmail.com,http://www.intertropicaltours.com
Uganda Eco Tours,UTB/RTT/TT/2022/100387,ugandaecotours@gmail.com,http://www.ecouganda.com
WIDE BIRDING ECO TOURS,UTB/RTT/TT/2022/100389,info@widewildsafaris.com,http://www.widewildsafaris.com
Rwefuma Safaris & Car rental,UTB/RTT/TT/2022/100391,rwefuma@gamil.com,http://www.rwefumasafaris.com
GREAT EXPLORERS SAFARIS,UTB/RTT/TT/2022/100395,info@greatexplorerssafaris.com,http://www. greatexplorerssafaris.com.
Exclusive African Safaris,UTB/RTT/TT/2022/100396,info@exclusiveafricansafaris.com,http://www.ugandasafariexperts.com
Big five car rental,UTB/RTT/TT/2022/100397,info@big5-africatours.com,http://https://www.big5-africatours.com/en-gb/car-rental
Mooi Adventures Uganda,UTB/RTT/TT/2022/100398,info@mooiadventuresuganda.com,http://www.mooiadventuresuganda.com
Afrika Panthera safaris,UTB/RTT/TT/2022/100399,kviola2009@gmail.com,http://www.afrikapanthera.com
SANDAL TOURS AND TRAVEL - SMC LIMITED,UTB/RTT/TT/2022/100400,sandaltoursandtravel2022@gmail.com,http://www.sandaltours&travel.com
Chosen Expeditions and Tours,UTB/RTT/TT/2022/100401,info@chosenexpeditions.com,http://www.chosenexpeditions.com
Renewills Tours and Travel,UTB/RTT/TT/2022/100405,info@renewillstoursandtravel.com,http://www.renewillstoursandtravel.com
Executive Pulse Adventure Africa,UTB/RTT/TT/2022/100406,info@executivepulseadventure.com,http://www.epaagroup.com
Women Tour Uganda,UTB/RTT/TT/2022/100407,info@womentouruganda.com,http://www.womentouruganda.com
TRIP TO TRIP TOURS,UTB/RTT/TT/2022/100410,info@triptotrip-safaris.com,http://www.triptotrip-safaris.com
"S&N Transporters, Tour and Travel",UTB/RTT/TT/2022/100411,sntransp.tourtravels@yahoo.com,http://www.sntourtravels.com
HATARI TOURS AND TRAVEL,UTB/RTT/TT/2022/100419,hataritours@gmail.com,http://www.hataritoursandtravel.com
Rehoboth Safaris,UTB/RTT/TT/2022/100421,rehobothsafaris@gmail.com,http://www.rehobothsafarisug.com
TWENDE UGANDA,UTB/RTT/TT/2022/100422,barungidora@gmail.com,http://www.twendeuganda.com
EVER BASED TOURS AND TRAVEL LIMITED,UTB/RTT/TT/2022/100423,everbased@yahoo.com,http://www.everbased.com
KEMPTEN SAFARIS AFRICA LIMITED,UTB/RTT/TT/2022/100424,kemptensafaris@gmail.com,http://www.kemptensafaris.com
ENTARE Y'ISHASHA TOURS AND TRAVEL,UTB/RTT/TT/2022/100426,entareyishashatours@gmail.com,http://
Eco Adventure Safaris Limited,UTB/RTT/TT/2022/100427,info@ecoadventuresafaris.com,http://www.ecoadventuresafaris.com
Africa Hikers Safari Ltd,UTB/RTT/TT/2022/100429,africahikerssafari2019@gmail.com,http://www.africahikerssafari.com
YATRA TOURS AND AND TRAVEL LIMITED,UTB/RTT/TT/2022/100430,yatratours09@gmail.com,http://TO BE OBTAINED
Alps Trendy Safaris,UTB/RTT/TT/2022/100431,info@alpstrendysafaris.com,http://https://alpstrendysafaris.com/
STRAIGHT UP TOURS AND TRAVEL LTD,UTB/RTT/TT/2022/100433,straightuptoursandtravel@gmail.com,http://www.straightuptoursandtravel.com
LITTLE ROCK TOURS AND SAFARIS,UTB/RTT/TT/2022/100434,info@littlerocksafaris.com,http://www.littlerocksafaris.com
Wild Excursion Safaris,UTB/RTT/TT/2022/100451,info@we-uganda.com,http://www.we-uganda.com
BENTRUST SAFARIS,UTB/RTT/TT/2022/100452,bentrusttoursandtravel@gmail.com,http://www.bentrustsafaris.com
AGASARO SAFARIS LIMITED,UTB/RTT/TT/2022/100453,agasarosafaris@gmail.com,http://www.agasarosafaris.com
Ihanga Tours and Travels,UTB/RTT/TT/2022/100454,ihangatoursandtravels@gmail.com,http://www.ihangatoursandtravels.com
FERNANDO TOURS LIMITED,UTB/RTT/TT/2022/100455,fernadotours256@gmail.com,http://www.fernadotoursug.com
TWINMART TOURS AND TRAVEL,UTB/RTT/TT/2022/100456,twinmarttoursntravel@gmail.com,http://www.twinmarttours.com
CORIKONI CONSULTANCY LIMITED,UTB/RTT/TT/2022/100457,info@corikoniconsultancy.com,http://www.corikoniconsultancy.com
NTUNGO WILDLIFE SAFARIS LTD,UTB/RTT/TT/2022/100458,info@ntungosafaris.com,http://www.ntungosafaris.com
MUWEBWA ADVENTURE SAFARIS LTD,UTB/RTT/TT/2022/100459,muwebwaadventuresafaris@gmail.com,http://www.muwebwaadventuresafaris.com
Adrift East Africa,UTB/RTT/TT/2022/100460,info@adrift.ug,http://www.adrift.ug
JENIK TOURS AND TRAVELS LIMITED,UTB/RTT/TT/2022/100461,jeniktours@gmail.com,http://www.jeniktours.com
Gofree Uganda Tours and Travel,UTB/RTT/TT/2022/100462,gofreeuganda@gmail.com,http://www.gofreeuganda.com
Awesome Fixers and Adventures,UTB/RTT/TT/2022/100463,awesomefixersandadventures@gmail.com,http://www.awesomefixers.com
HYGGE RELAX ADVENTURE TRAVELS,UTB/RTT/TT/2022/100467,relaxlogistics7@gmail.com,http://http://www.relaxlogisticstoursandtravel.com
CURIOUS TOURS & TRAVEL AGENCY,UTB/RTT/TT/2022/100473,curious.toursandtravels@gmail.com,http://www.curioustravelagency.com
Tristar Africa Skimmer,UTB/RTT/TT/2022/100474,booking@tristarafricaskimmersafaris.com,http://www.tristarafricaskimmersafaris.com
JOHNBULL TOURS AND TRAVEL,UTB/RTT/TT/2022/100475,info@johnbulltoursuganda.com,http://www.Johnbulltoursuganda.com
VERDANT SAFARIS LIMITED,UTB/RTT/TT/2022/100476,info@verdantsafaris.com,http://https://www.verdantsafaris.com/
Lush Africa Safaris Limited,UTB/RTT/TT/2022/100479,lushafricansafaris@gmail.com,http://https://lushafricasafaris.com/
Kange Safaris,UTB/RTT/TT/2022/100481,madonna@kangesafaris.com,http://www.kangesafaris.com
Kunda travels & tours,UTB/RTT/TT/2022/100483,info@kundatravels.com,http://www.kundatravels.com
KAYNELA TOURS AND TRAVEL,UTB/RTT/TT/2022/100484,kaynelafarmsltd@gmail.com,http://https://kaynelafarmsltd.com/
LWENDO ADVENTURE SAFARIS,UTB/RTT/TT/2022/100485,info@lwendoadventuresafaris.com,http://www.lwendoadventuresafaris.com
Shanrod Africa,UTB/RTT/TT/2022/100487,sales@africa-wilderness-safaris.com,http://www.africa-wilderness-safaris.com
Epic Holidays Africa ltd,UTB/RTT/TT/2022/100490,info@epicholidaysafrica.com,http://www.epicholidaysafrica.com
MITULIVU SAFARIS,UTB/RTT/TT/2022/100492,mtulivusafaris@outlook.com,http://www.mtulivusafaris.com
SPELTER TOUR AND TRAVEL,UTB/RTT/TT/2022/100493,info@speltertoursandtravel.com,http://www.speltertoursandtravel.com
Fahari Uganda Safaris,UTB/RTT/TT/2022/100504,info@fahariugandasafaris.com,http://www.fahariugandasafaris.com
RWAKITECH ENTERPRISES -U- LIMITED,UTB/RTT/TT/2022/100505,info@rwakitechtours.com,http://www.rwakitechtours.com
DAGIZ TRAVEL LIMITED,UTB/RTT/TT/2022/100507,travel@dagiztravel.com,http://www.dagiztravel.com
Jangu Tours and Travel,UTB/RTT/TT/2022/100512,jangutours@gmail.com,http://www.jangutours.com
Kalekale Adventure Travels,UTB/RTT/TT/2022/100513,hello@kalekaleadventures.com,http://www.kalekaleadventures.com
Elda Backpackers,UTB/RTT/TT/2022/100514,info@eldabackpackers.com,http://www.eldabackpackers.com
AIRMASTERS TRAVEL,UTB/RTT/TT/2022/100519,tairmasters@yahoo.com,http://www.airmasterstravellimited.com
Steady Safaris,UTB/RTT/TT/2022/100520,info@steadysafaris.com,http://www.steadysafaris.com
Theodore Tour and Travel Agency Ltd,UTB/RTT/TT/2022/100521,theodoretourandtravelagency@gmail.com,http://www.theodoretour.online
Afro-Alpine Tour and Safaris Ltd,UTB/RTT/TT/2022/100522,info@afroalpinetours.com,http://www.afroalpinetours.com
Voyager African Safaris Limited,UTB/RTT/TT/2022/100524,voyager@discoverafrica.co.ug,http://www.discoverafrica.co.ug
TRAVEL DOT COM LIMITED,UTB/RTT/TT/2022/100525,travelcomltd@gmail.com,http://www.traveldotcom.com
Ibuth Safaris Uganda Ltd,UTB/RTT/TT/2022/100526,info@ibuthsafaris.com,http://www.ibuthsafaris.com
Marlene Africa Safaris Ltd,UTB/RTT/TT/2022/100528,info@visitgorillasafrica.com,http://www.visitgorillasafrica.com
JR AFRIC WILDWOOD UGANDA LIMITED,UTB/RTT/TT/2022/100533,info@jrafric.org,http://jrafric.org
WIKREATE TRAVELS UGANDA LIMITED,UTB/RTT/TT/2022/100539,wikreat@gmail.com,http://www.wikreate.biz
Albert Safaris LTD,UTB/RTT/TT/2022/100541,info@albertsafaris.com,http://www.albertsafaris.com
High sky Tours and Travel,UTB/RTT/TT/2022/100542,info@highskytoursandtravel.com,http://www.highskytoursandtravel.com
Lake Basin Tours & Travel Limited,UTB/RTT/TT/2022/100543,sales@lakebasintours.co.ug,http://www.lakebasintours.co.ug
DOAN VOYAGE,UTB/RTT/TT/2022/100547,wanderapeter2566@gmail.com,http://www.doanvoyage.com
Ruhanga Eco tours,UTB/RTT/TT/2022/100550,tours@ruhangaecosafaris.com,http://www.ruhangaecosafaris.com
Rafiki Safaris,UTB/RTT/TT/2022/100551,rafikisafarisug@gmail.com,http://www.rafikisafarisuganda.com
Mbuni African Safaris,UTB/RTT/TT/2022/100552,info@mbuniafricansafaris.com,http://www.mbuniafricansafaris.com
COINWORTH TOURS AND TRAVEL LTD,UTB/RTT/TT/2022/100553,coinworthtoursandtravel@gmail.com,http://https://coinworthtoursandtravel.com/
FRIENDS NATURE SAFARIS,UTB/RTT/TT/2022/100554,friendsnaturesafaris@gmail.com,http://www.friendsnaturesafaris.com
DIV SAFARIS & CAR HIRE,UTB/RTT/TT/2022/100555,divinesafaris@gmail.com,http://www.divinesafariscarhire.com
GS SHUTTLE INTERNATIONAL,UTB/RTT/TT/2022/100556,gsshuttle@gmail.com,http://www.gsshuttle.com
Visit Uganda Tours & Travel Limited,UTB/RTT/TT/2022/100558,visitugandatoursandtravel@gmail.com,http://www.visitugandatours.com
Gorge Africa Safaris,UTB/RTT/TT/2022/100560,phphilemons@gmail.com,http://www.gorgeafrica.com
Ngege kufurahi safaris Ltd,UTB/RTT/TT/2022/100561,info@ngegesafaris.com,http://www.ngegesafaris.com
PHIZIK SAFARIS LIMITED,UTB/RTT/TT/2022/100562,phiziksafaris@gmail.com,http://www.phiziksafaris.com
Fian Motors and Safaris Ltd,UTB/RTT/TT/2022/100564,fianmotorsltd@gmail.com,http://www.fianholdings.com
Igufa Safaris Ltd,UTB/RTT/TT/2022/100565,info@igufasafaris.com,http://www.igufasafaris.com
CPN CONSULTANTS,UTB/RTT/TT/2022/100566,reservations@cpnconsultantsafrica.com,http://www.cpnconsultantsafrica.com
Zoora Uganda Safaris,UTB/RTT/TT/2022/100568,zoorauganda004@gmail.com,http://www.zooraugandasafaris.com
Kofi Travel Safaris,UTB/RTT/TT/2022/100573,info@kofitravelsafaris.com,http://www.kofitravelsafaris.com
Engo Tours & adventure.,UTB/RTT/TT/2022/100574,engotours2016@gmail.com,http://www.engotours&adventures.com
SHADY TOURS & TRAVEL,UTB/RTT/TT/2022/100575,info@shadytoursandtravel.com,http://www.shadytours&travel.com
HURRA UGANDA SAFARIS COMPANY LIMITED,UTB/RTT/TT/2022/100577,hurraugandasafaris@gmail.com,http://www.hurraugandasafaris.com
LIKANA SAFARIS,UTB/RTT/TT/2022/100579,info@likanasafarisug.com,http://www.likanasafarisug.com
Peregreen Rambles Limited,UTB/RTT/TT/2022/100580,info@peregreenrambles.com,http://https://peregreenrambles.com/
Rambase gem vacations(u) ltd,UTB/RTT/TT/2022/100582,info@rambasegemvacations.com,http://www.rambasegemvacations.com
Cover Tours and Travel,UTB/RTT/TT/2022/100584,coverstoursandtravel@gmail.com,http://www.coverstoursandtravel.com
PHIILOFAFRICA SAFARIS AND TOURS,UTB/RTT/TT/2022/100585,info@philofafrica.com,http://www.philofafrica.com
Alpha Wild Safaris,UTB/RTT/TT/2022/100586,info@alphawildsafaris.com,http://www.alphawildsafaris.com
Wave Expeditions Limited,UTB/RTT/TT/2022/100587,sarah@waveexpeditions.ug,http://www.waveexpeditions.ug
Kubwa Five Safaris Limited,UTB/RTT/TT/2022/100588,reservations@kubwafive-safaris.com,http://www.kubwafive-safaris.com
DESTINY CENTER SAFARIS LTD,UTB/RTT/TT/2022/100589,reservations@destinycentersafaris.com,http://www.destinycentersafaris.com
Brave Escape Africa,UTB/RTT/TT/2022/100591,braveescapeafrica@gmail.com,http://www.braveescapeafrica.com
NILE TREATZ TOURS AND TRAVEL,UTB/RTT/TT/2022/100592,silviaangey@gmail.com,http://niletreatz.com
RICKIE TOURS AND TRAVEL,UTB/RTT/TT/2022/100594,rickietours@gmail.com,http://www.rickietoursug.com
Great Africa Tours,UTB/RTT/TT/2022/100595,info@greatafricatours.com,http://www.greatafricatours.com
Travel Wonders Discovery Africa Limited,UTB/RTT/TT/2022/100596,md@travelanddiscorverafrica.com,http://travelanddiscorverafrica.com
Buyigi Estates Limited,UTB/RTT/TT/2022/100599,nakimbugwebrenda322@gmail.com,http://buyigiestates.com
Nature Vacations Ltd,UTB/RTT/TT/2022/100601,info@nature-vacations.com,http://www.safari-dreams.com
Scb tours and travel,UTB/RTT/TT/2022/100605,scbtoursandtravel@gmail.com,http://www.scbtoursandtravel.com
PEPEYA EVENTS LIMITED,UTB/RTT/TT/2022/100606,pepeyaeventsltd@gmail.com,http://www.pepeya.com
Clutch Adventures,UTB/RTT/TT/2022/100607,adventure@clutchadventures.com,http://www.clutchadventures.com
TRAVENTURE HAVEN,UTB/RTT/TT/2022/100608,info@traventurehaven.com,http://www.traventurehaven.com
Nature Track Expeditions (U) Limited,UTB/RTT/TT/2022/100609,safari@naturetrack-expeditions.com,http://www.naturetrack-expeditions.com
Uzuri Uganda Safaris Ltd,UTB/RTT/TT/2022/100614,info@uzurisafaris.com,http://www.uzurisafaris.com
Akiika Expeditions Tours Uganda,UTB/RTT/TT/2022/100615,info@akiikaexpenditionstoursuganda.com,http://https://akiikaexpenditionstoursugand.com/
Cris Tours and Travel,UTB/RTT/TT/2022/100617,cristoursandtravelug1@gmail.com,http://www.cristoursandtravelagent.com
Mirembe Tours and Travel,UTB/RTT/TT/2022/100620,mirembetours2020@gmail.com,http://www.mirembetours.com
JAMBO PRIME TOURS & TRAVEL,UTB/RTT/TT/2022/100623,info@jamboprimetours.com,http://http://jamboprimetours.com/
Indulge africa safaris,UTB/RTT/TT/2022/100627,onzi@indulgeafricasafaris.com,http://www.indulgeafricasafaris.com
Grime Depths Safaris,UTB/RTT/TT/2023/100629,grimesafaris@gmail.com,http://www.grimedepths.co.ug
GALLIVANTER  AGENCY LIMITED,UTB/RTT/TT/2023/100630,info@gallivanteragency.com,http://www.gallivanteragency.com
greenbul safaris,UTB/RTT/TT/2023/100633,kmourice25@gmail.com,http://info@foverugandasafaris.com
Amakula African Safaris,UTB/RTT/TT/2023/100637,info@amakulaafricansafaris.com,http://www.amakulaafricansafaris.com
Platinum Gorilla vacations,UTB/RTT/TT/2023/100643,info@exclusivegorillavacations.com,http://http://www.exclusivegorillavacations.com/
Deep end  Safaris,UTB/RTT/TT/2023/100646,info@deependsafaris.com,http://www.deependsafaris.com
Harrier Tours,UTB/RTT/TT/2023/100651,harriertours@gmail.com,http://www.harriertours.com
TWIPA SAFARIS,UTB/RTT/TT/2023/100652,info@twipasafaris.com,http://www.twipasafaris.com
ecoplace tours limited,UTB/RTT/TT/2023/100653,info@ecoplacetourslimited.com,http://https://ecoplacetourslimited.com/
BUKE-LEE TOURS AND TRAVEL LIMITED,UTB/RTT/TT/2023/100655,bukeleetoursandtravel@gmail.com,http://www.bukelee.com
Legends Gorilla Tours,UTB/RTT/TT/2023/100659,scovia@goritours.com,http://www.goritours.com
ZAK TOURS AND TRAVEL AGENCY LTD,UTB/RTT/TT/2023/100661,zaktoursandtravelagencyltd@gmail.com,http://www.zaktoursandtravelagencyltd.co.ug
STORM'S OVER TRAVEL CONSULTS,UTB/RTT/TT/2023/100663,stormstravel23@gmail.com,http://www.stormsoverres.com
MAJESTIC INTERNATIONAL TOURS AND TRAVEL,UTB/RTT/TT/2023/100665,majesticinttours@gmail.com,http://www.mitt.com
Ikumi Gorilla Vacations,UTB/RTT/TT/2023/100666,ikumigorillavacations@gmail.com,http://www.ikumigorillavacations.com
Je Fais Nature Safaris,UTB/RTT/TT/2023/100667,info@jefaisnaturesafaris.com,http://www.jefaisnaturesafaris.com
KIRIZA TOURS AND TRAVEL,UTB/RTT/TT/2023/100669,info@kirizatours.com,http://www.kirizatours.com
ZHONGWU INTERNATIONAL TOUR AND TRAVEL,UTB/RTT/TT/2023/100670,zhongwutravel@gmail.com,http://https://yuandaafrica.com/
TRITON TRAVEL CONSULTS,UTB/RTT/TT/2023/100671,operations@tritontravels.com,http://www.tritontravelconsults.com
NALUBALE RAFTING,UTB/RTT/TT/2023/100673,bookings@nalubalerafting.com,http://www.nalubalerafting.com
GOLDROCK SAFARIS,UTB/RTT/TT/2023/100676,info@goldrocksafaris.com,http://www.goldrocksafaris.com
Legit Holidays and Travels.,UTB/RTT/TT/2023/100677,info@legitholidays.ug,http://www.legitholidays.ug
TANTA REALTIME SERVICES LIMITED,UTB/RTT/TT/2023/100680,info@tantaservices.com,http://www.tantaservices.com
NALU TOUR AND TRAVEL LIMITED,UTB/RTT/TT/2023/100682,nalutourtravel@gmail.com,http://www.nalutours.com
Discover Africa,UTB/RTT/TT/2023/100684,accounts@extremeadventures.co.ug,http://www.extremeadventures.co.ug
REGO TOURS AND TRAVEL,UTB/RTT/TT/2023/100685,regotoursafari@gmail.com,http://regotoursaandsafari.com
AKIIKI GORILLA ADVENTURE LTD,UTB/RTT/TT/2023/100686,akiikigorillaadventuresug@gmail.com,http://www.akiikigorilladventures.com
PHMSSEB Tours and Travel,UTB/RTT/TT/2023/100687,contact-us@phmsseb.com,http://www.phmsseb.com
VIAJES ADVENTURES,UTB/RTT/TT/2023/100688,hola@muzungus.com,http://www.muzungus.com
SUAM TOURS AND TRAVEL CO. LIMITED,UTB/RTT/TT/2023/100689,suamtoursandtravellimited@gmail.com,http://www.suam-tour.com
Big Seven Africa Travels,UTB/RTT/TT/2023/100698,big7africatravels@gmail.com,http://www.big7africatravels.in
TAJ ALSULTAN TOURS AND TRAVEL AGENCY,UTB/RTT/TT/2023/100699,tajalsultan002@gmail.com,http://Www.tajalsultanafrica.com
HOMINID ADVENTURES,UTB/RTT/TT/2023/100700,hominidadventures@gmail.com,"http://www.homidinadventures,com"
LEGO SAFARIS,UTB/RTT/TT/2023/100703,info@legosafaris.com,http://www.legosafaris.com
FINFOOT TOURS AND CONSULTANTS LIMITED,UTB/RTT/TT/2023/100708,finfoottoursandconsultants@gmail.com,http://www.finfoottoursandconsultants.com
Pomelo-ibis Adventures Ltd,UTB/RTT/TT/2023/100710,pomeloibisadventures@gmail.com,http://www.pomelo-ibisadventures.com
PERSIS TOURS AND TRAVEL,UTB/RTT/TT/2023/100713,persistoursandtravel@gmail.com,http://www.persistoursandtravel.com
ZOOTOPIA GAME DRIVES LTD,UTB/RTT/TT/2023/100719,ssenjakkoronnie@gmail.com,http://www.zootopiagamedrives.com
KIGEZI VIMA SAFARIS,UTB/RTT/TT/2023/100721,Info@visitivirungamountains.com,http://www.visitvirungamountains.com
Cycle Tours Uganda,UTB/RTT/TT/2023/100723,cycletoursuganda@gmail.com,http://www.cycletoursuganda.com
Native Expeditions Safaris,UTB/RTT/TT/2023/100724,info@nativeexpeditions.travel,http://https://nativeexpeditions.travel/
DA'RAYZ PALM LTD,UTB/RTT/TT/2023/100725,darayzpalm@gmail.com,http://www.darayzpalm.com
NJPS Tours and Travel Ltd,UTB/RTT/TT/2023/100726,njpstoursandtravel@gmail.com,http://www.njpstoursandtravels.com
MURUNGI SAFARIS UGANDA LTD,UTB/RTT/TT/2023/100730,murungisafaris@gmail.com,http://www.murungisafaris.com
RECHO SAFARIS,UTB/RTT/TT/2023/100731,info@rechosafarislimited.com,http://www.rechosafarislimied.coom
